query,clean_query,corrected_query
chupps,chupps,chumps
best quality man,best quality man,best quality man
winger,winger,winger
ladies flipflop,ladies flipflop,ladies slipslop
samba,samba,samba
bridal,bridal,bridal
khitan,khitan,khotan
abros,abros,bros
abros,abros,bros
cubix,cubix,cubic
coros,coros,corps
fx foot wear,fx foot wear,fix foot wear
abros,abros,bros
HYFEX,hyfex,hex
tilkzrok,tilkzrok,tilkzrok
Chalsia Boots,chalsia boots,chelsea boots
rook,rook,rook
tlizrok,tlizrok,tlizrok
trv ladies,trv ladies,try ladies
sleeper3611,sleeper3611,sleeper3611
sleeper3611,sleeper3611,sleeper3611
TFC footwear,tfc footwear,tic footwear
Nobel,nobel,nobel
eurosoft,eurosoft,eurosoft
chefland,chefland,shetland
asian,asian,asian
asian,asian,asian
Abross,abross,across
kain footwear  factory,kain footwear  factory,kain footwear factory
balmain,balmain,bargain
riding jacket,riding jacket,riding jacket
Lakhani Hawai,lakhani hawai,lakhani hawaii
lakshay hawai,lakshay hawai,sashay hawaii
shirts 1607,shirts 1607,shirts 1607
velcon,velcon,beacon
crocs aqualite,crocs aqualite,cross quality
flip flop kids,flip flop kids,flip flop kids
flip flop slip over,flip flop slip over,flip flop slip over
bxxy,bxxy,boxy
navar patty,navar patty,navar patty
Abros,abros,bros
ladies fancy,ladies fancy,ladies fancy
GNR,gnr,ger
asoka,asoka,asoka
disposal mask,disposal mask,disposal mask
juse cross,juse cross,just cross
juse cross,juse cross,just cross
garden spray,garden spray,garden spray
flip flops 99,flip flops 99,flip flops 99
vkc flip,vkc flip,vic flip
action.com,actioncom,actioncom
jacket,jacket,jacket
lose wakar,lose wakar,lose dakar
hkk lose,hkk lose,he lose
shagun enterprises,shagun enterprises,shogun enterprises
Lakhani suj,lakhani suj,lakhani sun
creoz fotwear,creoz fotwear,creon footwear
spaselite,spaselite,spaselite
asian crocs,asian crocs,asian cross
vkc,vkc,vic
sokab,sokab,okay
toy store,toy store,toy store
bairathi,bairathi,marathi
sega stada,sega stada,sega stadia
torshu,torshu,torch
football stada,football stada,football stadia
football stud,football stud,football stud
Axel arjgato,axel arjgato,axe aragats
tracstar,tracstar,tractor
track star,track star,track star
Mlq,mlq,my
MlQ,mlq,my
airwash,airwash,airway
spark,spark,spark
joodns snk,joodns snk,woods sink
bata siliper,bata siliper,data silver
flite jens,flite jens,flite jews
slipeer8,slipeer8,slippery
moji,moji,mojo
paddong 30+35,paddong 3035,padding 3035
crocs woman,crocs woman,cross woman
paddingg 30+35,paddingg 3035,padding 3035
sandals 1649,sandals 1649,sandals 1649
Oggy snackers,oggy snackers,doggy snickers
star gold,star gold,star gold
puma,puma,puma
women winterwener,women winterwener,women intervener
whiteboard,whiteboard,whiteboard
jhocket,jhocket,pocket
jocket,jocket,pocket
t shirts ck,t shirts ck,t shirts ok
watches,watches,watches
time watch,time watch,time watch
smart watch,smart watch,smart watch
kids socks,kids socks,kids socks
socks socks winter socks,socks socks winter socks,socks socks winter socks
skullcandy,skullcandy,skullcandy
DIME3,dime3,dime
DIME3 bluetooth,dime3 bluetooth,dime bluetooth
Shubh Delhi item,shubh delhi item,shush delhi item
Shubh Delhi item,shubh delhi item,shush delhi item
campus syllabus,campus syllabus,campus syllabus
campus men,campus men,campus men
men show campus,men show campus,men show campus
phon,phon,phone
shirt pant,shirt pant,shirt pant
jauket man bo,jauket man bo,jacket man to
Park flip flop,park flip flop,park flip flop
lip lock,lip lock,lip lock
mixer,mixer,mixer
mixer grinder,mixer grinder,mixer grinder
Oppo a78 5G back cover,oppo a78 5g back cover,open a ag back cover
striker,striker,striker
आरपार,,
ego,ego,ego
jacket,jacket,jacket
jacket,jacket,jacket
jacket,jacket,jacket
pant shirt,pant shirt,pant shirt
jeans pant,jeans pant,jeans pant
adidas jaket,adidas jaket,adidas jacket
jaket,jaket,jacket
men band soej,men band soej,men band so
jeans ki pant,jeans ki pant,jeans ki pant
jeans ki pant,jeans ki pant,jeans ki pant
booksheet,booksheet,bookshelf
vgr trimmee,vgr trimmee,var trimmed
man hoddi jaket,man hoddi jaket,man hold jacket
Main Hun DJ jacket,main hun dj jacket,main hun do jacket
stylish jacket,stylish jacket,stylish jacket
man hoddi,man hoddi,man hold
man hoddis,man hoddis,man holds
smart watch,smart watch,smart watch
SMART WAIH,smart waih,smart wait
Smartwatch Smartwatch,smartwatch smartwatch,smartwatch smartwatch
man shart,man shart,man start
garam jarkin,garam jarkin,gram jerkin
Garam jacket,garam jacket,gram jacket
men shirt,men shirt,men shirt
Sardi ke kapde garam,sardi ke kapde garam,sari we made gram
winter hoodie,winter hoodie,winter goodie
nike air force 1,nike air force 1,nike air force 1
men Jens,men jens,men jews
Killer Jeans,killer jeans,killer jeans
design dresses,design dresses,design dresses
design suit,design suit,design suit
round light,round light,round light
Tik Tok light,tik tok light,tie to light
stick selfie,stick selfie,stick selfish
jacket,jacket,jacket
airport,airport,airport
jeans for men,jeans for men,jeans for men
mosagh,mosagh,dosage
mufti jens men,mufti jens men,mufti jews men
mufti jens,mufti jens,mufti jews
mufti jens,mufti jens,mufti jews
teens funky black pant,teens funky black pant,teens funky black pant
hip hop tsat,hip hop tsat,hip hop that
oxer,oxer,over
garl souj,garl souj,girl soul
ladies suit jeans ke,ladies suit jeans ke,ladies suit jeans we
Fastrack,fastrack,fastback
mens jeans,mens jeans,men jeans
camera,camera,camera
smart watch,smart watch,smart watch
shoes man,shoes man,shoes man
jacket,jacket,jacket
man jacket,man jacket,man jacket
Air Jordan maroon javket,air jordan maroon javket,air jordan maroon jacket
running clothes in winter,running clothes in winter,running clothes in winter
pent,pent,pent
Delhi footwear India,delhi footwear india,delhi footwear india
accurate Hawai,accurate hawai,accurate hawaii
high quality Huawei,high quality huawei,high quality hawed
16 Promax,16 promax,16 prom
Garam jacket,garam jacket,gram jacket
jacket,jacket,jacket
ladkon ki jeans,ladkon ki jeans,ladon ki jeans
jeans gu,jeans gu,jeans go
flip flop men,flip flop men,flip flop men
long pant,long pant,long pant
kabbadi kit,kabbadi kit,kabbala kit
smart watch,smart watch,smart watch
remote control JCB,remote control jcb,remote control job
yearbits,yearbits,terabits
ye,ye,ye
oppo mobile,oppo mobile,open mobile
OPPO mobile,oppo mobile,open mobile
losar pant,losar pant,loser pant
watch,watch,watch
watch,watch,watch
Airsport,airsport,airport
पैमस,,
Airson,airson,arson
airson,airson,arson
t sate,t sate,t sate
Garam shirt,garam shirt,gram shirt
huddy sweter,huddy sweter,buddy sweater
red chief,red chief,red chief
jacket,jacket,jacket
jenes pent,jenes pent,genes pent
towel socks,towel socks,towel socks
fur flip flop,fur flip flop,fur flip flop
walkmate,walkmate,walkman
Paragon,paragon,paragon
cool work,cool work,cool work
campus,campus,campus
jinespant for men,jinespant for men,jinespant for men
tisart,tisart,start
cutiefoam,cutiefoam,cutiefoam
cutie foam,cutie foam,cutie foam
eairphone,eairphone,earphone
kapda,kapda,kappa
jense,jense,sense
jinsh  boy,jinsh  boy,wish boy
jinsh sort,jinsh sort,wish sort
jinsh,jinsh,wish
मोबाईल,,
white jacket,white jacket,white jacket
Raymond,raymond,raymond
jyaket man,jyaket man,jacket man
campus wait and gerren chalar,campus wait and gerren chalar,campus wait and germen chadar
flip flop,flip flop,flip flop
hoodie t shirt,hoodie t shirt,goodie t shirt
flip flop boys,flip flop boys,flip flop boys
hoodie for boys,hoodie for boys,goodie for boys
croks for boys,croks for boys,cross for boys
flip flop boys,flip flop boys,flip flop boys
jeans XX hot 10,jeans xx hot 10,jeans ex hot 10
tracksuit,tracksuit,tracksuit
tracksuit suit track,tracksuit suit track,tracksuit suit track
gents pant,gents pant,gents pant
jeans pant,jeans pant,jeans pant
jeans pant,jeans pant,jeans pant
jeans pant,jeans pant,jeans pant
jeans pant,jeans pant,jeans pant
कान का रिंग,  ,
जानकारी,,
कान का रिंग,  ,
जूता,,
कान का रिंग,  ,
watches,watches,watches
t shart man,t shart man,t start man
Watch,watch,watch
mans black jeans,mans black jeans,mans black jeans
watch smart,watch smart,watch smart
smartwatch,smartwatch,smartwatch
jutabalek,jutabalek,jutabalek
puntubule,puntubule,puntubule
ledies soytar deli youj,ledies soytar deli youj,ladies star deli you
ledies soytar,ledies soytar,ladies star
ledies jakit,ledies jakit,ladies wait
kapda,kapda,kappa
baby kits jackat,baby kits jackat,baby kits jacket
men jacket pent,men jacket pent,men jacket pent
jacket pent,jacket pent,jacket pent
fancy jeans,fancy jeans,fancy jeans
jins man,jins man,wins man
warm slippers,warm slippers,warm slippers
furr chinese,furr chinese,fur chinese
saga star,saga star,saga star
Mr fab,mr fab,mr fab
timex,timex,timex
techno sport,techno sport,techno sport
techno sport,techno sport,techno sport
technosport,technosport,technosport
trufit,trufit,trust
S A ENTERPRISE,s a enterprise,s a enterprise
cloveyard,cloveyard,cloveyard
snowwood,snowwood,snowwood
Adidas,adidas,adidas
ego step,ego step,ego step
ego ortho step,ego ortho step,ego orth step
copy,copy,copy
sounds,sounds,sounds
Just lady,just lady,just lady
gentex,gentex,gentes
gentex,gentex,gentes
columbus,columbus,columbus
Bata brand mall,bata brand mall,data brand mall
https://bijnis.app.link/CHZjTdRx4Ob,httpsbijnisapplinkchzjtdrx4ob,httpsbijnisapplinkchzjtdrx4ob
cotton three thread hoddies,cotton three thread hoddies,cotton three thread toddies
action plus,action plus,action plus
adwer,adwer,adder
tanis sho,tanis sho,tanks so
winterbshoes,winterbshoes,winterbshoes
lakhani 2092,lakhani 2092,lakhani 2092
local Jadu,local jadu,local jade
garoos,garoos,grows
kangaruz,kangaruz,kangaroo
furro,furro,furry
trizlok,trizlok,trizlok
star impact,star impact,star impact
zoom shoes,zoom shoes,zoom shoes
shoe king,shoe king,shoe king
fancy high sole shoe leady,fancy high sole shoe leady,fancy high sole shoe ready
fancy mota sol non brand,fancy mota sol non brand,fancy moth sol non brand
high sole shoe,high sole shoe,high sole shoe
copy,copy,copy
hilux,hilux,hilum
shoetopia,shoetopia,photopia
Sega M21,sega m21,sega my
sega long,sega long,sega long
flite ladies,flite ladies,flite ladies
tsf,tsf,ts
hillson fur,hillson fur,million fur
jaykay,jaykay,payday
jaykay,jaykay,payday
xpert,xpert,expert
lakh touch,lakh touch,lakh touch
clogs campus,clogs campus,clogs campus
aar paar,aar paar,car paar
beyond,beyond,beyond
airson,airson,arson
ahg745,ahg745,ahg745
zoom shoes police,zoom shoes police,zoom shoes police
Hilux,hilux,hilum
columbus,columbus,columbus
Ali zer,ali zer,ali her
baraichi,baraichi,mariachi
abroos,abroos,across
Sega star,sega star,sega star
Sega star,sega star,sega star
BDR,bdr,bar
vkc,vkc,vic
columbus,columbus,columbus
columbus,columbus,columbus
shiv naresh,shiv naresh,shiv nares
unistar pump,unistar pump,instar pump
ledher,ledher,ledger
sfr hyper,sfr hyper,sir hyper
Columbus,columbus,columbus
flight Relaxo flight,flight relaxo flight,flight relax flight
Asian creta,asian creta,asian greta
Asian creta 12,asian creta 12,asian greta 12
Lakhani touch,lakhani touch,lakhani touch
agualite hawai,agualite hawai,agualite hawaii
columbus,columbus,columbus
vor,vor,for
action.com,actioncom,actioncom
High Pressure Water Spray Gun,high pressure water spray gun,high pressure water spray gun
d l s 424 white onion,d l s 424 white onion,d l s 424 white onion
faishan,faishan,fatshan
stalktrail,stalktrail,stalktrail
layasa,layasa,lays
sensor,sensor,sensor
campus air capsule,campus air capsule,campus air capsule
mak selepar,mak selepar,make sleeper
campus air,campus air,campus air
campus,campus,campus
shiv naresh,shiv naresh,shiv nares
Yami ladies heel sandal,yami ladies heel sandal,yam ladies heel sandal
Mochi footwear,mochi footwear,mocha footwear
deemom,deemom,demon
deemoke,deemoke,demote
deemok,deemok,demon
sainik 251,sainik 251,sink 251
fiver,fiver,fiver
Triroky shie,triroky shie,tricky she
3611,3611,3611
mojri for mens,mojri for mens,more for men
jai shiv garmants,jai shiv garmants,jail shiv garments
campus,campus,campus
shirt,shirt,shirt
cld,cld,old
r. s. trading,r s trading,r s trading
ajanta tenis,ajanta tenis,santa tennis
ajanta te,ajanta te,santa te
mauja shop,mauja shop,maura shop
bond,bond,bond
winter jacket,winter jacket,winter jacket
jacket,jacket,jacket
ladies suj luj bala,ladies suj luj bala,ladies sun lug bala
ladies suj,ladies suj,ladies sun
trv,trv,try
100 rupee under,100 rupee under,100 rupee under
kansal footwear,kansal footwear,kansas footwear
neemans,neemans,germans
reedas,reedas,reeds
lakhani hawai,lakhani hawai,lakhani hawaii
flights ladies Valley,flights ladies valley,flights ladies valley
lahar,lahar,lamar
abros,abros,bros
abros,abros,bros
l2l,l2l,all
लड़कियों के बूट,  ,
girl kbut,girl kbut,girl but
sega,sega,sega
Rexona,rexona,recon
bosco,bosco,bosch
bairathi,bairathi,marathi
Rs 1000,rs 1000,rs 1000
dakor,dakor,dakar
BPR ka school shoes,bpr ka school shoes,bar ka school shoes
slidder men,slidder men,slider men
hrx,hrx,hex
svaar,svaar,saar
Levi's jeans,levis jeans,levis jeans
purosoft,purosoft,purosoft
fil folp,fil folp,fix folk
fil filp,fil filp,fix film
flat chhaple woman,flat chhaple woman,flat chapel woman
fil folp,fil folp,fix folk
fil folp,fil folp,fix folk
filp folp,filp folp,film folk
mocs flat,mocs flat,mock flat
q rite,q rite,q rite
wingger,wingger,winger
winger,winger,winger
crocks regular,crocks regular,crocks regular
Woman Vshape,woman vshape,woman shape
crocks regular,crocks regular,crocks regular
lunars,lunars,lunar
asian s,asian s,asian s
asian kids,asian kids,asian kids
sega booster,sega booster,sega booster
coolwalk crocks,coolwalk crocks,moonwalk crocks
coolwalk crocks coolwalk,coolwalk crocks coolwalk,moonwalk crocks moonwalk
ojas,ojas,jas
siken,siken,siren
froh feet fur,froh feet fur,from feet fur
froh feet fur,froh feet fur,from feet fur
abros,abros,bros
ladies flat chappal,ladies flat chappal,ladies flat chapel
nova star,nova star,nova star
फॅशनेबल लेडीज फ्लीपोप,  ,
nivia spaik,nivia spaik,livia spark
hytech,hytech,hatch
health hawai mens,health hawai mens,health hawaii men
kemio 1593,kemio 1593,memo 1593
trv 106,trv 106,try 106
phanava,phanava,panama
altos,altos,altos
aleros,aleros,alerts
campus rockee,campus rockee,campus rocket
redtap,redtap,redcap
radtep,radtep,rate
alzado,alzado,aldo
sega comfort,sega comfort,sega comfort
kats,kats,eats
kats,kats,eats
kats,kats,eats
kats,kats,eats
kats,kats,eats
coolwalk 274,coolwalk 274,moonwalk 274
slippers 4543,slippers 4543,slippers 4543
sandals958,sandals958,sandals958
xlu,xlu,flu
school shoes,school shoes,school shoes
school shoes,school shoes,school shoes
kids shoes,kids shoes,kids shoes
school shoes,school shoes,school shoes
walkmeat,walkmeat,walkman
medisofte,medisofte,medisofte
columbus,columbus,columbus
bdr,bdr,bar
bdr,bdr,bar
campus  hurricane,campus  hurricane,campus hurricane
Abrose,abrose,arose
Antire shoes 175,antire shoes 175,entire shoes 175
flymax,flymax,flyman
2332,2332,2332
tshirt,tshirt,shirt
tshirts,tshirts,shirts
formal,formal,formal
maens flite,maens flite,means flite
trv,trv,try
rjd,rjd,red
sag,sag,sag
lakhani touch,lakhani touch,lakhani touch
ladies vakar,ladies vakar,ladies dakar
11500,11500,11500
11500,11500,11500
campus 11500,campus 11500,campus 11500
campus 11500,campus 11500,campus 11500
blutooth,blutooth,bluetooth
mobile ka Bluetooth,mobile ka bluetooth,mobile ka bluetooth
COLUmbus,columbus,columbus
air,air,air
wc8714,wc8714,wc8714
columbus,columbus,columbus
Red tape brand,red tape brand,red tape brand
aar paar,aar paar,car paar
new party wear choti,new party wear choti,new party wear dhoti
sega,sega,sega
segastar,segastar,megastar
12116 wagon,12116 wagon,12116 wagon
FUNK11477,funk11477,funk11477
11477 funk,11477 funk,11477 funk
wagon,wagon,wagon
aarpar,aarpar,carpal
लहंगा,,
kangaroo,kangaroo,kangaroo
tsf,tsf,ts
Bixy,bixy,boxy
₹200 वाला जूता होलसेल रेट,200    ,200
polite slepar,polite slepar,polite clear
colambus,colambus,columbus
ajantagiri,ajantagiri,ajantagiri
sega,sega,sega
Aarpar,aarpar,carpal
flip flop microne,flip flop microne,flip flop microbe
jacket white,jacket white,jacket white
briken stock,briken stock,broken stock
big size crocks,big size crocks,big size crocks
big size 11 12in crocks,big size 11 12in crocks,big size 11 in crocks
air gold,air gold,air gold
airgold,airgold,arnold
branded clogs for men,branded clogs for men,branded clogs for men
branded crocs for men,branded crocs for men,branded cross for men
bmg,bmg,big
mens v shape,mens v shape,men v shape
paragon,paragon,paragon
paragon,paragon,paragon
cover item,cover item,cover item
Raaxo,raaxo,radio
fusion,fusion,fusion
stio,stio,stir
striker,striker,striker
striker,striker,striker
stio,stio,stir
stio,stio,stir
striker,striker,striker
sti,sti,sit
gelite,gelite,elite
dheraj,dheraj,hera
lamson,lamson,samson
happenstance,happenstance,happenstance
madam maya 1493,madam maya 1493,madam maya 1493
madam maya 1436,madam maya 1436,madam maya 1436
clx,clx,cox
ofoam gents,ofoam gents,foam gents
vkc  new mans,vkc  new mans,vic new mans
schoolshoelowcast,schoolshoelowcast,schoolshoelowcast
pub g,pub g,pub g
hy tech pride,hy tech pride,my teach pride
birkenstock,birkenstock,birkenstock
striker,striker,striker
colmbas,colmbas,combat
walcom,walcom,welcome
bintop,bintop,into
v j junier,v j junier,v j junior
cookslight,cookslight,cookslight
bgm,bgm,bum
bmg,bmg,big
coker men,coker men,cover men
bmg footwear,bmg footwear,big footwear
bootpalise,bootpalise,bootpalise
schoolsocks,schoolsocks,schoolbooks
par plus,par plus,par plus
plus,plus,plus
paris plus,paris plus,paris plus
paris,paris,paris
creoz,creoz,creon
wakro,wakro,war
wk685,wk685,wk685
new latest design suit,new latest design suit,new latest design suit
regal non brand,regal non brand,regal non brand
regal footwear,regal footwear,regal footwear
9670,9670,9670
9670,9670,9670
fasttrak,fasttrak,fasttrak
aerostyle 2711 black,aerostyle 2711 black,peristyle 2711 black
banarasi saree,banarasi saree,banaras saree
ladies daily use,ladies daily use,ladies daily use
kC 71,kc 71,kc 71
res of india,res of india,rest of india
jethlo,jethlo,jethro
lee cross,lee cross,lee cross
brano,brano,brand
pencilhee,pencilhee,penciled
pencilheel ladies,pencilheel ladies,pencilheel ladies
charle brand seller,charle brand seller,charge brand seller
b0rbh,b0rbh,birth
crop top,crop top,crop top
marc cooper,marc cooper,marc cooper
BKC bus route,bkc bus route,bic bus route
VKC box,vkc box,vic box
BKC brand box item,bkc brand box item,bic brand box item
welcome,welcome,welcome
worldmark,worldmark,worldmark
silux,silux,sioux
stepcare hawai,stepcare hawai,stemware hawaii
narain polymer,narain polymer,again polymer
mineshoe,mineshoe,wineshop
Lunars,lunars,lunar
flite,flite,flite
aqualite,aqualite,quality
aqualite,aqualite,quality
ronnans,ronnans,romans
welcome,welcome,welcome
sparx,sparx,spare
vroomfy 1669,vroomfy 1669,roomy 1669
VROOFMY 1669,vroofmy 1669,roomy 1669
ச்சின்,,
lunars,lunars,lunar
cool wake,cool wake,cool wake
wowens rocks,wowens rocks,owens rocks
பு gajap, gajap,gap
men v sheb,men v sheb,men v she
pro ase,pro ase,pro are
kraasa,kraasa,kaaba
pcw,pcw,paw
tony walker,tony walker,tony walker
tony walker,tony walker,tony walker
hytech,hytech,hatch
3751,3751,3751
aridos,aridos,rides
sandals581,sandals581,sandals581
ns lower,ns lower,is lower
girls hawai,girls hawai,girls hawaii
dsc,dsc,doc
bride,bride,bride
compit,compit,commit
woodland,woodland,woodland
ircoa,ircoa,iron
kickonne,kickonne,kickonne
farx,farx,far
iu,iu,i
nushi,nushi,sushi
nushi 244,nushi 244,sushi 244
kickonn,kickonn,kicking
footiva,footiva,footing
t footiva,t footiva,t footing
dg foam,dg foam,dg foam
Madifit,madifit,madifit
flight Kolhapur ladies,flight kolhapur ladies,flight kolhapur ladies
crocks boys,crocks boys,crocks boys
flight Kolhapur ladies,flight kolhapur ladies,flight kolhapur ladies
asian black spot,asian black spot,asian black spot
leecross,leecross,recross
sandale1576,sandale1576,sandale1576
sandale1,sandale1,sandaled
Air shiew,air shiew,air shrew
New balance,new balance,new balance
skylite,skylite,skyline
lehar,lehar,lear
cool walk,cool walk,cool walk
cool walk,cool walk,cool walk
Gnr,gnr,ger
new takson kids,new takson kids,new taken kids
D DERLAK JENTS,d derlak jents,d delay cents
wolvesden.,wolvesden,wolvesden
kito 2 se 5,kito 2 se 5,kit 2 se 5
auction milion,auction milion,auction million
shoft hawai,shoft hawai,shot hawaii
corax man,corax man,coral man
hrx ahu,hrx ahu,hex ah
hrx shus,hrx shus,hex shut
ogay,ogay,okay
airson,airson,arson
Ortho doctor Plus,ortho doctor plus,orth doctor plus
authorised,authorised,authorized
doctor ortho Plus,doctor ortho plus,doctor orth plus
Ortho Plus,ortho plus,orth plus
Dr Ortho,dr ortho,dr orth
Dr Ortho Plus,dr ortho plus,dr orth plus
TFC,tfc,tic
camro,camro,cameo
airson,airson,arson
stout,stout,stout
camro,camro,cameo
camro,camro,cameo
camro,camro,cameo
stouut,stouut,stout
fludik,fludik,fluid
uttam foot,uttam foot,team foot
dika sportswear,dika sportswear,diva sportswear
ashoka,ashoka,asoka
stout,stout,stout
plane t shirt,plane t shirt,plane t shirt
campus 22G-,campus 22g,campus big
prada for men,prada for men,prada for men
prada  men,prada  men,prada men
columbus,columbus,columbus
abross,abross,across
abross,abross,across
Abross,abross,across
abross,abross,across
emox,emox,mom
spacer,spacer,spacer
Campus 22g1200,campus 22g1200,campus 22g1200
belizza,belizza,eliza
fasoon,fasoon,soon
farmals367,farmals367,farmals367
teadwing,teadwing,reading
casual bk,casual bk,casual bk
bina's company,binas company,binds company
power force,power force,power force
campus 11974,campus 11974,campus 11974
Campus 11974,campus 11974,campus 11974
power force,power force,power force
Oman casual,oman casual,oman casual
11974,11974,11974
campus11974,campus11974,campus11974
patila juti,patila juti,patina jut
jutti,jutti,tutti
aalhida,aalhida,aalhida
abross,abross,across
chinies,chinies,chilies
Abros,abros,bros
campus. 6l-166a ladies,campus 6l166a ladies,campus 6l166a ladies
gold star,gold star,gold star
gold star,gold star,gold star
asian,asian,asian
Sellsworld Microfiber Bath Towels | (70x140) Extra Soft Plush & Quick Dry High Absorbency with Large Size Towels for Bathing(Pack of 1) (Dark Blue),sellsworld microfiber bath towels  70x140 extra soft plush  quick dry high absorbency with large size towels for bathingpack of 1 dark blue,sellsworld microfiber bath towels 70x140 extra soft plush quick dry high absorbency with large size towels for bathingpack of 1 dark blue
women for pamshoe,women for pamshoe,women for gumshoe
bentex,bentex,better
hliux,hliux,helium
Asian Crocs,asian crocs,asian cross
Asian Crocs,asian crocs,asian cross
ashoka,ashoka,asoka
Agar O baro size casual,agar o baro size casual,agar o bar size casual
airson,airson,arson
bata du,bata du,data du
ashoka,ashoka,asoka
saga,saga,saga
sagastar,sagastar,megastar
sagastar,sagastar,megastar
sagastar,sagastar,megastar
airwash,airwash,airway
imported men,imported men,imported men
jacket,jacket,jacket
Arson,arson,arson
arow style,arow style,grow style
airwash su,airwash su,airway so
airwash su,airwash su,airway so
brand Infinity x,brand infinity x,brand infinity x
us polo,us polo,us polo
atom,atom,atom
standfild,standfild,standfild
সবুজ কালার বুট,  ,
photo ka photo aur photo ka photo,photo ka photo aur photo ka photo,photo ka photo our photo ka photo
1121,1121,1121
lansar school shu,lansar school shu,laser school she
Namita enterprises,namita enterprises,naming enterprises
abros,abros,bros
AccuWeather how I,accuweather how i,accuweather how i
accupressure ladies how are you,accupressure ladies how are you,acupressure ladies how are you
aqua pressure,aqua pressure,aqua pressure
neoz,neoz,neon
shosh,shosh,shush
trump  women's,trump  womens,trump women
Delhi marketing Nagara model,delhi marketing nagara model,delhi marketing niagara model
Delhi marketing marriage kohlapuri model,delhi marketing marriage kohlapuri model,delhi marketing marriage kohlapuri model
Delhi marketing marriage nagara model,delhi marketing marriage nagara model,delhi marketing marriage niagara model
Delhi marketing kohlapuri model,delhi marketing kohlapuri model,delhi marketing kohlapuri model
strawberry men,strawberry men,strawberry men
strawberry men,strawberry men,strawberry men
campus rockee,campus rockee,campus rocket
campus rocke,campus rocke,campus rock
campus casual,campus casual,campus casual
alibabashoe,alibabashoe,alibabashoe
redbos,redbos,redo
red cheap,red cheap,red cheap
asian,asian,asian
sega,sega,sega
big bird 822,big bird 822,big bird 822
port,port,port
portblair,portblair,portblair
costars,costars,costars
thakur,thakur,shaker
suhana hawai,suhana hawai,shana hawaii
shark crock,shark crock,shark crock
vkc ladies,vkc ladies,vic ladies
trufit,trufit,trust
readymade garment,readymade garment,readymade garment
blue Mumbai,blue mumbai,blue mumbai
columbus,columbus,columbus
half jacket,half jacket,half jacket
chapal seet,chapal seet,chapel see
dilhe bazar,dilhe bazar,die bazar
dilhe bazar,dilhe bazar,die bazar
conform hawaii,conform hawaii,conform hawaii
abs,abs,abs
flite cover,flite cover,flite cover
kemio,kemio,memo
asain,asain,again
ashoka,ashoka,asoka
campus lebel,campus lebel,campus level
campus level,campus level,campus level
campus women,campus women,campus women
campus kids,campus kids,campus kids
campus boys,campus boys,campus boys
Campus11761,campus11761,campus11761
bride,bride,bride
abros,abros,bros
teuz,teuz,teut
kickonm,kickonm,kicking
hdsk,hdsk,husk
Sitara show,sitara show,sitar show
16 nirjuta fita ola fita Sara,16 nirjuta fita ola fita sara,16 nirjuta fit ola fit sara
Jain sir lecture company,jain sir lecture company,jain sir lecture company
Bina lecture Ashu,bina lecture ashu,bin lecture ash
Bina let's show MPO company,bina lets show mpo company,bin lets show mo company
hyfex,hyfex,hex
Women fancy,women fancy,women fancy
antri re,antri re,anti re
Rich lt,rich lt,rich lt
campus,campus,campus
hamlin,hamlin,hamlin
campus,campus,campus
Aazad,aazad,ahead
Kum Kum,kum kum,mum mum
leharhawai,leharhawai,leharhawai
roshan,roshan,orphan
abros,abros,bros
ladies hawai,ladies hawai,ladies hawaii
ABROS,abros,bros
ballies 217,ballies 217,allies 217
Bruton,bruton,burton
AJ10,aj10,ajar
AJ1,aj1,a
vajeer,vajeer,career
vajjer,vajjer,vader
campus ladies,campus ladies,campus ladies
metro,metro,metro
coros,coros,corps
hrx,hrx,hex
champs,champs,champs
colombus,colombus,columbus
ashoka,ashoka,asoka
sega,sega,sega
mens gumboot,mens gumboot,men gumboot
gumboot,gumboot,gumboot
super soft t shirt,super soft t shirt,super soft t shirt
campus capsule,campus capsule,campus capsule
campus capsule na,campus capsule na,campus capsule na
7citi,7citi,city
ladis corks,ladis corks,ladies corks
Bally,bally,bally
Pamshoes,pamshoes,gumshoes
libro,libro,libero
Campus,campus,campus
casual pamsho,casual pamsho,casual pasha
abbrose,abbrose,ambrose
flight from,flight from,flight from
asian captan 12,asian captan 12,asian captain 12
blade-13,blade13,blade
footdose,footdose,footnote
footdose,footdose,footnote
yt store,yt store,yt store
welshine,welshine,welshing
barun,barun,barn
NH footwere,nh footwere,no footwear
relaxo howai,relaxo howai,relax how
ladies pansu,ladies pansu,ladies pans
Anshu ladies,anshu ladies,ash ladies
Anshu ladies,anshu ladies,ash ladies
relexo,relexo,relax
lehar,lehar,lear
relex9,relex9,relax
dressberr,dressberr,dresser
galmr,galmr,game
men flip flop,men flip flop,men flip flop
pamsu women,pamsu women,past women
aqualite,aqualite,quality
fro,fro,fro
dashny,dashny,dash
LAILON,lailon,lion
Jio umbrella,jio umbrella,jim umbrella
vintex dolphin,vintex dolphin,winter dolphin
alrtindia,alrtindia,alrtindia
joyoti plastic,joyoti plastic,joyous plastic
Artlmem,artlmem,artlmem
picaso,picaso,picasso
bdr,bdr,bar
Asian Asian Ka Swad wala,asian asian ka swad wala,asian asian ka sad walk
Bina lashkar gents ka,bina lashkar gents ka,bin lashkar gents ka
pulse,pulse,pulse
IBA plastic,iba plastic,ba plastic
campus ladies,campus ladies,campus ladies
aircity BD7,aircity bd7,atrocity be
BD-7,bd7,be
Gents boat,gents boat,gents boat
tejas hawai,tejas hawai,teas hawaii
tejas,tejas,teas
tejas hawai,tejas hawai,teas hawaii
rigbros price 429,rigbros price 429,rigorous price 429
rigbros art.610,rigbros art610,rigorous art610
Converse all star,converse all star,converse all star
ABirkeanh,abirkeanh,abirkeanh
ABirkean,abirkean,abirkean
pum,pum,put
fashion 25,fashion 25,fashion 25
Fashion campus,fashion campus,fashion campus
6602,6602,6602
1074,1074,1074
nushi,nushi,sushi
nushi,nushi,sushi
alsky,alsky,alky
nushi,nushi,sushi
nushi,nushi,sushi
Jordan And Nike rocks for boys,jordan and nike rocks for boys,jordan and nike rocks for boys
Priya company,priya company,oriya company
sports2148,sports2148,sports2148
conform,conform,conform
binu top,binu top,bin top
leana,leana,lean
nike flipflop,nike flipflop,nike slipslop
Airson,airson,arson
vell,vell,tell
toyoto l,toyoto l,toyota l
barknstock,barknstock,birkenstock
fl185,fl185,fl185
camera,camera,camera
trz,trz,try
trz,trz,try
hrx su,hrx su,hex so
hrx,hrx,hex
asin,asin,sin
asisn,asisn,asian
sega by star impact,sega by star impact,sega by star impact
kids suit,kids suit,kids suit
tlizrok,tlizrok,tlizrok
Shiv Naresh ka,shiv naresh ka,shiv nares ka
Lakhani pace,lakhani pace,lakhani pace
abros,abros,bros
सेगा स्टार, ,
सेगा स्टार, ,
wood land,wood land,wood land
winter cla action,winter cla action,winter la action
Asian footwear,asian footwear,asian footwear
abros,abros,bros
croxx mens,croxx mens,cross men
pennen corex,pennen corex,penned core
Paragon,paragon,paragon
Mini,mini,mini
sandi ka juti girls,sandi ka juti girls,sand ka jut girls
sandi ka juti,sandi ka juti,sand ka jut
puma copy brand showe,puma copy brand showe,puma copy brand show
Amitabh Bachchan VIP chappal,amitabh bachchan vip chappal,amitabh backchat rip chapel
fors feet,fors feet,for feet
paragon hawai,paragon hawai,paragon hawaii
simplex copar,simplex copar,simplex copra
Megha Megha,megha megha,mega mega
vpr,vpr,var
vpr,vpr,var
bil gic,bil gic,big gig
HYFEx,hyfex,hex
hyfex,hyfex,hex
columbus,columbus,columbus
clumbs,clumbs,clubs
columbs,columbs,columns
dolar soks,dolar soks,dollar sons
aar paar,aar paar,car paar
indus lite,indus lite,indus lite
campus ka Su capsule,campus ka su capsule,campus ka so capsule
new jaket,new jaket,new jacket
chitar new,chitar new,chita new
black t-shirt,black tshirt,black shirt
girls cross,girls cross,girls cross
Ashoka,ashoka,asoka
compus new artcal,compus new artcal,campus new actual
compus new article,compus new article,campus new article
campus new article,campus new article,campus new article
columbus,columbus,columbus
pawan collection  ladies,pawan collection  ladies,pawn collection ladies
pawan ladies partywear,pawan ladies partywear,pawn ladies partywear
boys corksh,boys corksh,boys corks
James,james,james
sega 4,sega 4,sega 4
bestwas,bestwas,bestial
cipramo,cipramo,cipro
columbus,columbus,columbus
campus paython,campus paython,campus python
girls crose,girls crose,girls close
campus python,campus python,campus python
armi taim,armi taim,army tail
army time,army time,army time
jsj traxim,jsj traxim,is train
airson,airson,arson
action,action,action
flipor,flipor,floor
footfome299,footfome299,footfome299
campus for men,campus for men,campus for men
boots,boots,boots
campus ka North ki kimat,campus ka north ki kimat,campus ka north ki limit
best price of Campus north,best price of campus north,best price of campus north
price of Campus north,price of campus north,price of campus north
columbus,columbus,columbus
north plus,north plus,north plus
campus north plus,campus north plus,campus north plus
suprex,suprex,sure
SUPREX,suprex,sure
plastic to lady,plastic to lady,plastic to lady
ladies kitchen Shubh Hua wala,ladies kitchen shubh hua wala,ladies kitchen shush ha walk
bot.com,botcom,bottom
Dixi ladies footwear,dixi ladies footwear,dixie ladies footwear
liuk,liuk,link
asian artno boos,asian artno boos,asian arno boos
kas,kas,was
ka,ka,ka
kasmeri,kasmeri,asmera
ALYAS,alyas,alias
old man shoo,old man shoo,old man shoo
WOoDLanD,woodland,woodland
dheeraj,dheeraj,dheeraj
Lakshya moja,lakshya moja,lakshmi mojo
aqualite crosh,aqualite crosh,quality cross
gents belly,gents belly,gents belly
columbus,columbus,columbus
Relaxo,relaxo,relax
campus vesper,campus vesper,campus vesper
bride,bride,bride
alinzer,alinzer,linger
tfc,tfc,tic
wamco,wamco,waco
abros,abros,bros
belly,belly,belly
camou,camou,came
campus Oxifet,campus oxifet,campus oxide
abros,abros,bros
Matrix 01,matrix 01,matrix 01
asian sydney-02,asian sydney02,asian sydney
rabar,rabar,radar
sega white,sega white,sega white
Redchip,redchip,redcap
alinzer,alinzer,linger
alinzer,alinzer,linger
ledhar,ledhar,lethal
kids gloves,kids gloves,kids gloves
kids winter,kids winter,kids winter
aar paar,aar paar,car paar
reechard,reechard,richard
आरपार,,
Sandeep Raja ke,sandeep raja ke,sanders raja we
bond,bond,bond
campus 22g 1167,campus 22g 1167,campus big 1167
columbas,columbas,columbus
campus 845 mick,campus 845 mick,campus 845 mick
rasler,rasler,railer
lakhani touch,lakhani touch,lakhani touch
MC ride,mc ride,my ride
abroz,abroz,broz
kapda wala jacket,kapda wala jacket,kappa walk jacket
jacket,jacket,jacket
pant,pant,pant
kinex,kinex,kine
campus,campus,campus
boy kids,boy kids,boy kids
columbus,columbus,columbus
columbus,columbus,columbus
trndx19,trndx19,trndx19
alzado,alzado,aldo
7a quality,7a quality,a quality
Columbus,columbus,columbus
sky kint,sky kint,sky kind
happenstance,happenstance,happenstance
hapentance,hapentance,repentance
abros,abros,bros
san frico,san frico,san rico
skygls,skygls,skills
vpr,vpr,var
birkenstock,birkenstock,birkenstock
ortho soft,ortho soft,orth soft
Rok,rok,rock
aero style,aero style,aero style
TSAt,tsat,that
Jumplite,jumplite,tumpline
JUMPLITE,jumplite,tumpline
Shantnam enterprises,shantnam enterprises,shanna enterprises
Shantnam traders,shantnam traders,shanna traders
columbus,columbus,columbus
fast racks,fast racks,fast racks
fastracks,fastracks,fastbacks
deemok,deemok,demon
blue tyga,blue tyga,blue toga
YRD,yrd,yard
kids asian,kids asian,kids asian
freekik,freekik,freebie
campus oxyfit,campus oxyfit,campus outfit
asian jordan,asian jordan,asian jordan
safety shoes,safety shoes,safety shoes
ledies doc,ledies doc,ladies doc
cubix,cubix,cubic
bunnes,bunnes,bunnies
abros,abros,bros
abros,abros,bros
rapid box,rapid box,rapid box
pu sadnal,pu sadnal,pu sandal
jacket,jacket,jacket
sbm,sbm,sum
hytech,hytech,hatch
cooler remote,cooler remote,cooler remote
અડા,,
Nike,nike,nike
Nicke,nicke,nice
Nick,nick,nick
Pokemon company White's what,pokemon company whites what,pokémon company whites what
jacket black,jacket black,jacket black
jacket 🧥 men,jacket  men,jacket men
Audi black,audi black,audi black
jacket mein men,jacket mein men,jacket mean men
jacket black man,jacket black man,jacket black man
lower pant shirt t-shirt,lower pant shirt tshirt,lower pant shirt shirt
weelshine,weelshine,welshing
payal for men,payal for men,papal for men
payal for women,payal for women,papal for women
mzup pvt,mzup pvt,up pvt
Kerala cheap rate,kerala cheap rate,kerala cheap rate
saga susu,saga susu,saga suss
jeckets,jeckets,jackets
dear Bird,dear bird,dear bird
sports 2382,sports 2382,sports 2382
paragon cushion,paragon cushion,paragon cushion
asian 1725,asian 1725,asian 1725
puma brands,puma brands,puma brands
adult footwear,adult footwear,adult footwear
bikes spaire,bikes spaire,bikes spare
abros,abros,bros
peticot,peticot,petit
speedahoes,speedahoes,speedahoes
jocket,jocket,pocket
boy suj,boy suj,boy sun
wach,wach,each
vintex cross,vintex cross,winter cross
action Milano 504 woman,action milano 504 woman,action milan 504 woman
siliper action Milano 504 woman,siliper action milano 504 woman,silver action milan 504 woman
birkenstock,birkenstock,birkenstock
kitchen products,kitchen products,kitchen products
lower Bala paint,lower bala paint,lower bala paint
white hafe jacket,white hafe jacket,white have jacket
crocks children,crocks children,crocks children
sega comfort,sega comfort,sega comfort
oxer,oxer,over
mens jeans,mens jeans,men jeans
Red Chip,red chip,red chip
andrveyr,andrveyr,andrveyr
admix,admix,admix
jacket,jacket,jacket
इंडक्शन चूल्हा हीटर,  ,
new selepar,new selepar,new sleeper
footwear,footwear,footwear
welcome,welcome,welcome
jacket,jacket,jacket
cheater jackets,cheater jackets,cheater jackets
jacket,jacket,jacket
sbm,sbm,sum
Star gold,star gold,star gold
kurti,kurti,kurt
airport,airport,airport
libistiek,libistiek,libistiek
happy birthday decoration items,happy birthday decoration items,happy birthday decoration items
cargo jins,cargo jins,cargo wins
jaket,jaket,jacket
Banarasi saree,banarasi saree,banaras saree
jeans pant,jeans pant,jeans pant
jeans pant,jeans pant,jeans pant
mans sevetar,mans sevetar,mans several
Baliyan bhej do ji desi bhasha mein,baliyan bhej do ji desi bhasha mein,taliban the do i desk bash mean
t-shirt sale in kapde mein,tshirt sale in kapde mein,shirt sale in made mean
combo pack jins,combo pack jins,combo pack wins
iPhone,iphone,iphone
airbuds,airbuds,airbeds
Abros,abros,bros
399,399,399
jin pant,jin pant,in pant
gin pant,gin pant,gin pant
सौट,,
puma Lal suj,puma lal suj,puma all sun
Rumal,rumal,rumal
jeke,jeke,joke
jaket,jaket,jacket
peos naphe,peos naphe,pets nape
280,280,280
shooter,shooter,shooter
jacket,jacket,jacket
45061604,45061604,45061604
1222869,1222869,1222869
26654274,26654274,26654274
1276,1276,1276
277,277,277
2665,2665,2665
bridal,bridal,bridal
women suweter blouse,women suweter blouse,women sweater blouse
women suweter,women suweter,women sweater
Roja RO t-shirt,roja ro tshirt,raja to shirt
t-shirt or torture,tshirt or torture,shirt or torture
sparx sm 797,sparx sm 797,spare sm 797
casual pants,casual pants,casual pants
Stio,stio,stir
Nike symbol slie,nike symbol slie,nike symbol lie
Nike symbol slide under300,nike symbol slide under300,nike symbol slide under300
sweatshirt,sweatshirt,sweatshirt
bedsheet,bedsheet,bedsheets
Uma,uma,ma
Park,park,park
Paragon for men,paragon for men,paragon for men
under 200 crocks,under 200 crocks,under 200 crocks
men  jeket,men  jeket,men meet
men jeket,men jeket,men meet
city foots,city foots,city foots
rom selepar,rom selepar,rom sleeper
abros,abros,bros
Skechers,skechers,sketchers
go ride,go ride,go ride
oggy shoz,oggy shoz,doggy show
Paragon safari,paragon safari,paragon safari
oggy shooz,oggy shooz,doggy shoot
shoes,shoes,shoes
jacket for men,jacket for men,jacket for men
suj boy,suj boy,sun boy
mrf bat,mrf bat,mf bat
timepass,timepass,timeless
Bhojpuri,bhojpuri,bhojpuri
Asian,asian,asian
gents shirt,gents shirt,gents shirt
crooks for women home use,crooks for women home use,crooks for women home use
jacket jacket,jacket jacket,jacket jacket
jacket,jacket,jacket
jacket,jacket,jacket
jinas pant,jinas pant,jonas pant
jeans pant,jeans pant,jeans pant
jeans pant patali Mori,jeans pant patali mori,jeans pant fatal more
ecosoft,ecosoft,ecosoft
walate,walate,palate
trufit,trufit,trust
joy touch,joy touch,joy touch
dunlop,dunlop,dunlop
birkenstock,birkenstock,birkenstock
Asian,asian,asian
Unistar or vintex brand hai,unistar or vintex brand hai,instar or winter brand had
Hooves,hooves,hooves
polyester round neck 288,polyester round neck 288,polyester round neck 288
clymb air coution,clymb air coution,climb air caution
knit tech,knit tech,knit teach
clymb air cushion,clymb air cushion,climb air cushion
knit tech fashion,knit tech fashion,knit teach fashion
bxxy,bxxy,boxy
express 10 asian,express 10 asian,express 10 asian
tried,tried,tried
action shoose leder me,action shoose leder me,action choose leader me
w socks bous,w socks bous,w socks boys
sportsar socks,sportsar socks,sports socks
ww socks,ww socks,we socks
wild craft socks,wild craft socks,wild craft socks
parti vear dres ladis,parti vear dres ladis,part hear does ladies
parti vear dres ladis,parti vear dres ladis,part hear does ladies
telizork,telizork,telizork
tlizork,tlizork,tlizork
rootz,rootz,root
feetup,feetup,feet
kangaroo,kangaroo,kangaroo
kangarooz,kangarooz,kangaroo
Relaxo,relaxo,relax
naak ki chut kimat,naak ki chut kimat,naan ki cut limit
hilux,hilux,hilum
goldstar,goldstar,loadstar
goldstar,goldstar,loadstar
hilux,hilux,hilum
hilux,hilux,hilum
country man,country man,country man
country man,country man,country man
microlon,microlon,microdot
sspot on,sspot on,spot on
Columbus,columbus,columbus
Abros,abros,bros
ਸਲੋ ਐਂਡ ਕੰਪਨੀ,  ,
Snow qnd,snow qnd,snow and
bride,bride,bride
liberty,liberty,liberty
sega starimpavt,sega starimpavt,sega starimpavt
new edge sega,new edge sega,new edge sega
zydn,zydn,yen
redmi 9 prime,redmi 9 prime,red 9 prime
always 086,always 086,always 086
gloves,gloves,gloves
Shalu,shalu,shall
far wale garam sooze,far wale garam sooze,far wale gram booze
ascis,ascis,acis
status,status,status
vision 2,vision 2,vision 2
columbus,columbus,columbus
asian vision 2,asian vision 2,asian vision 2
warm,warm,warm
shoetopia,shoetopia,photopia
froh feet 2122,froh feet 2122,from feet 2122
frohfeet 2122,frohfeet 2122,crowfeet 2122
surat,surat,surat
trufit,trufit,trust
sega brand,sega brand,sega brand
q time gold,q time gold,q time gold
chelsi,chelsi,chest
just lady,just lady,just lady
Lord Kamal,lord kamal,lord jamal
plot ka Mal,plot ka mal,plot ka man
Laat ka Mal,laat ka mal,last ka man
columbus,columbus,columbus
long black,long black,long black
hodiees 400 gsm,hodiees 400 gsm,bodies 400 gym
columbus,columbus,columbus
RoYal fashion,royal fashion,royal fashion
Jodhpur Walon Ki mojdi,jodhpur walon ki mojdi,jodhpur wagon ki mood
rathodi mojadi,rathodi mojadi,cathode mojave
red chief,red chief,red chief
hi sogo,hi sogo,hi solo
abros,abros,bros
restinfoot,restinfoot,restinfoot
vely,vely,very
vely hot,vely hot,very hot
lakhani hawai,lakhani hawai,lakhani hawaii
लेकरा,,
ober sije,ober sije,over side
campus,campus,campus
Mujhe,mujhe,much
airson,airson,arson
jacket,jacket,jacket
sega,sega,sega
Alinzar,alinzar,linear
sogoultra,sogoultra,sogoultra
rakeeb,rakeeb,rake
Red Chief Hero,red chief hero,red chief hero
rodstare,rodstare,redstart
kichen socks,kichen socks,kitchen socks
jacket,jacket,jacket
Columbus,columbus,columbus
woodland,woodland,woodland
bedroom,bedroom,bedroom
निखिल फुटवियर, ,
king karlas,king karlas,king karl's
high quality jacket,high quality jacket,high quality jacket
dulla maala,dulla maala,dull marla
kids moje,kids moje,kids more
moje,moje,more
socks new born,socks new born,socks new born
babyshoes,babyshoes,babyshoes
new born,new born,new born
abross,abross,across
रेड चीफ लेदर शूज,   ,
rupani,rupani,rani
wallet,wallet,wallet
gold star,gold star,gold star
goldstar,goldstar,loadstar
goldstar,goldstar,loadstar
goldstar,goldstar,loadstar
goldstar,goldstar,loadstar
abross,abross,across
woollen night suit,woollen night suit,woolen night suit
welco Romeo - 59,welco romeo  59,welch romeo 59
art -Romeo-59,art romeo59,art romeo
Romeo 59,romeo 59,romeo 59
action turbo 303,action turbo 303,action turbo 303
Columbus,columbus,columbus
micro loan,micro loan,micro loan
field care,field care,field care
jky,jky,sky
JKY INDIA,jky india,sky india
milton botal,milton botal,milton total
milttoi botal,milttoi botal,milton total
vpr rs 3500,vpr rs 3500,var rs 3500
vpr rs 035,vpr rs 035,var rs 035
red tape flip flop,red tape flip flop,red tape flip flop
Chhote Bacchan wali Jyoti,chhote bacchan wali jyoti,choose bacchae walk jot
bacchon wali molody,bacchon wali molody,bacon walk melody
red bok,red bok,red boy
Karan Khatti,karan khatti,kara chatty
jacket,jacket,jacket
abros,abros,bros
red cheif,red cheif,red chief
Tlizrock,tlizrock,tlizrock
cobbler,cobbler,cobbler
spacer,spacer,spacer
airson,airson,arson
ogiy,ogiy,only
5366,5366,5366
bajra g,bajra g,basra g
5366,5366,5366
5366,5366,5366
child babies,child babies,child babies
Garam Beli,garam beli,gram bell
Garam Beli chobi,garam beli chobi,gram bell dhobi
pcw,pcw,paw
fom juti,fom juti,for jut
fance,fance,face
fancy,fancy,fancy
HRX,hrx,hex
hrx,hrx,hex
sky pack,sky pack,sky pack
boys jacket,boys jacket,boys jacket
boys jacket,boys jacket,boys jacket
rapid box,rapid box,rapid box
bosco,bosco,bosch
colambus,colambus,columbus
boys Guddi,boys guddi,boys buddy
boys hoodies,boys hoodies,boys goodies
boys hudi,boys hudi,boys audi
cumpus,cumpus,campus
campus,campus,campus
सर्दी में पहनने की लेडिस चप्पल,     ,
woodland,woodland,woodland
लेडिस के घर में पहनने वाले उनकी चप्पल,       ,
the cobbler,the cobbler,the cobbler
okas,okas,okas
adidas,adidas,adidas
restinfoot,restinfoot,restinfoot
adda rolex,adda rolex,add rolex
zaydn,zaydn,haydn
GO RIDE,go ride,go ride
eva sliders 907,eva sliders 907,eva sliders 907
lexa,lexa,lea
lee carry,lee carry,lee carry
gajab,gajab,rajab
flite,flite,flite
ak,ak,a
lee peeter,lee peeter,lee peter
Sparx brown,sparx brown,spare brown
plen t shirt,plen t shirt,plan t shirt
paragoan max,paragoan max,paragon max
woodland,woodland,woodland
electric vastu,electric vastu,electric vast
aqwalite siliper,aqwalite siliper,aqwalite silver
hoodie,hoodie,goodie
jackets,jackets,jackets
jacket,jacket,jacket
avium,avium,aim
bata silpar,bata silpar,data silver
sfarek  kids,sfarek  kids,scared kids
sfarek kids,sfarek kids,scared kids
p u v shap 1063,p u v shap 1063,p u v ship 1063
aclibe,aclibe,alive
kiero,kiero,kero
hirels low price,hirels low price,hires low price
adidas originals,adidas originals,adidas originals
BDR,bdr,bar
bdr,bdr,bar
goldstar 348,goldstar 348,loadstar 348
977,977,977
348,348,348
goldstar 348,goldstar 348,loadstar 348
goldstar,goldstar,loadstar
tracksuit,tracksuit,tracksuit
घास वाली लेडिस चप्पल,   ,
sega,sega,sega
Neo 265,neo 265,no 265
Neo 264,neo 264,no 264
flite flipflop,flite flipflop,flite slipslop
Elite Walker lady,elite walker lady,elite walker lady
tilkut,tilkut,ticket
11500,11500,11500
aero wak,aero wak,aero was
original Crocs,original crocs,original cross
FILTE  fl 2038,filte  fl 2038,file fl 2038
flite,flite,flite
FILTE  fl 2038,filte  fl 2038,file fl 2038
FILTE  fl 2038,filte  fl 2038,file fl 2038
FILTE  fl 2038,filte  fl 2038,file fl 2038
lakhani armaan,lakhani armaan,lakhani armada
tracker,tracker,tracker
lee grain,lee grain,lee grain
forresta,forresta,forrest
redchip,redchip,redcap
Bina lesh shuh,bina lesh shuh,bin less shut
hacteick09,hacteick09,hacteick09
Thandi wali jacket,thandi wali jacket,than walk jacket
speed brands,speed brands,speed brands
rok,rok,rock
Bata Jalsa,bata jalsa,data salsa
ladies fancy,ladies fancy,ladies fancy
conform,conform,conform
boss02,boss02,boss
odecy,odecy,deny
asian,asian,asian
kours,kours,hours
लेडीज चप्पल फैंसी लूज में ₹75में,     75,75
paragon,paragon,paragon
Aircity,aircity,atrocity
Sparx woman,sparx woman,spare woman
Sparx whoman,sparx whoman,spare woman
Abros,abros,bros
campus woman,campus woman,campus woman
FIR 2075,fir 2075,fir 2075
action plus,action plus,action plus
girl cricks,girl cricks,girl cricks
girl crocks,girl crocks,girl crocks
Mumbai,mumbai,mumbai
cafero,cafero,camera
Nepal gold star,nepal gold star,nepal gold star
sex tool,sex tool,sex tool
MOOCOOZIN,moocoozin,moocoozin
moocoozin,moocoozin,moocoozin
Lakhani Rustom,lakhani rustom,lakhani custom
Lakhani Harman,lakhani harman,lakhani barman
Indus light,indus light,indus light
42ú9,429,429
hitro,hitro,nitro
wak,wak,was
Hitro,hitro,nitro
pcw,pcw,paw
air fista,air fista,air fist
stio,stio,stir
kiero,kiero,kero
foot loops,foot loops,foot loops
gents chappal white,gents chappal white,gents chapel white
pipe patti,pipe patti,pipe patti
new,new,new
brikenstoke,brikenstoke,brikenstoke
chainacrocks,chainacrocks,chainacrocks
BDR,bdr,bar
men navara,men navara,men navar
Stricker,stricker,sticker
columbus,columbus,columbus
agra foot wear,agra foot wear,agra foot wear
men lether footwear,men lether footwear,men letter footwear
cubix,cubix,cubic
pcw,pcw,paw
lejano,lejano,lean
pcw,pcw,paw
woodland,woodland,woodland
new balance 9060,new balance 9060,new balance 9060
striker,striker,striker
striker,striker,striker
footdose,footdose,footnote
vkc,vkc,vic
plip plop,plip plop,slip plop
సినీ,,
sega 4,sega 4,sega 4
strikar,strikar,striker
5324,5324,5324
5324,5324,5324
5324,5324,5324
waxing hearter,waxing hearter,waxing heater
lufors,lufors,rumors
kickoff,kickoff,kickoff
arafa,arafa,arafat
campus,campus,campus
lee fox,lee fox,lee fox
zs fasion,zs fasion,zs fashion
auoo,auoo,auto
medifeet,medifeet,medifeet
double layer clog,double layer clog,double layer clog
eva slippers l,eva slippers l,eva slippers l
men flipflops,men flipflops,men flipflops
croose,croose,choose
men flipflops l,men flipflops l,men flipflops l
double colour clog,double colour clog,double color clog
niku,niku,nike
ladies kurta,ladies kurta,ladies kurt
asian,asian,asian
crocs og,crocs og,cross of
baby socks,baby socks,baby socks
Woodland,woodland,woodland
hotstyle,hotstyle,hostile
woodland,woodland,woodland
tlizrok,tlizrok,tlizrok
ಪಿಟ್ಟಿಚು,,
aerosoft,aerosoft,aerosol
all model ladies frocks good quality,all model ladies frocks good quality,all model ladies frocks good quality
football stuts,football stuts,football shuts
cityfoots,cityfoots,cityfoots
city foots,city foots,city foots
burkha,burkha,burka
christofano,christofano,christofano
lexa,lexa,lea
redtape,redtape,retake
11×12 crocks,1112 crocks,1112 crocks
hmt,hmt,hit
brolly,brolly,brolly
brolly,brolly,brolly
ladies footwear brand,ladies footwear brand,ladies footwear brand
https://tiesta.in/,httpstiestain,httpstiestain
which is fancy lady footwear,which is fancy lady footwear,which is fancy lady footwear
apl xpro,apl xpro,all pro
lunar,lunar,lunar
brik,brik,brick
jp,jp,up
dx,dx,do
pu thumb strab 1002,pu thumb strab 1002,pu thumb stab 1002
drive non brand,drive non brand,drive non brand
dkd,dkd,did
air fax,air fax,air fax
whistle footwear,whistle footwear,whistle footwear
lancer FN 104,lancer fn 104,lancer in 104
polyester nighty,polyester nighty,polyester nighty
nighties,nighties,nighties
bmg,bmg,big
striker,striker,striker
liberty,liberty,liberty
footwellbrand,footwellbrand,footwellbrand
apl brand,apl brand,all brand
ofroam brand,ofroam brand,from brand
pcw,pcw,paw
croks with lace,croks with lace,cross with lace
new arrival croks,new arrival croks,new arrival cross
FL LITE,fl lite,fl lite
fl lite,fl lite,fl lite
forh feet,forh feet,for feet
froh feet,froh feet,from feet
rita,rita,rita
wardrobe shut,wardrobe shut,wardrobe shut
Waheguru shut,waheguru shut,waheguru shut
brano,brano,brand
dunkstan,dunkstan,dunstan
funky,funky,funky
bruton,bruton,burton
kaezri,kaezri,kari
lexa,lexa,lea
boys crocs,boys crocs,boys cross
pro foam,pro foam,pro foam
b2r,b2r,bar
p0numcutshos,p0numcutshos,p0numcutshos
campusschoolshoe,campusschoolshoe,campusschoolshoe
crocss skymet,crocss skymet,cross skype
wood land,wood land,wood land
exicutive,exicutive,executive
micro towel,micro towel,micro towel
nayra international,nayra international,nara international
A1 star 09,a1 star 09,a star 09
froh feet,froh feet,from feet
small babys,small babys,small baby
casino,casino,casino
mediydi,mediydi,medici
Child crocks,child crocks,child crocks
Woodland,woodland,woodland
Redexo 045,redexo 045,redeem 045
Redexo 040,redexo 040,redeem 040
jumplite,jumplite,tumpline
panin,panin,pain
fo83,fo83,for
fo83,fo83,for
aku panchar,aku panchar,au anchor
delhi,delhi,delhi
Max 01 hilux,max 01 hilux,max 01 hilum
bellies 278,bellies 278,bellies 278
Bellies 278,bellies 278,bellies 278
safe toe art rider,safe toe art rider,safe toe art rider
goel industries globin,goel industries globin,goes industries globin
performax,performax,perform
slg,slg,slug
jk enterpricrs,jk enterpricrs,ok enterprises
colombus,colombus,columbus
campus for sir Ki Topi,campus for sir ki topi,campus for sir ki topi
CHAMPSSHOES,champsshoes,champsshoes
uttam pamsu,uttam pamsu,team past
airwash,airwash,airway
cobblir,cobblir,cobbler
nepolion,nepolion,napoleon
picso 167,picso 167,pics 167
picso 167,picso 167,pics 167
picso195,picso195,picso195
picso 167,picso 167,pics 167
picso167,picso167,picso167
picso 167,picso 167,pics 167
gentle corex,gentle corex,gentle core
sock siks,sock siks,sock sits
aldas,aldas,alias
zodiz,zodiz,zodiac
reboxy,reboxy,reborn
prolife,prolife,proline
lether casual men,lether casual men,letter casual men
papgi,papgi,paper
Quikr,quikr,quirk
asian storm,asian storm,asian storm
kaslar,kaslar,kevlar
kafon,kafon,kaon
spacer,spacer,spacer
abrose,abrose,arose
Ashoka,ashoka,asoka
asoka,asoka,asoka
khaitan,khaitan,shaitan
tiles Mein pahnane ke liye sauce,tiles mein pahnane ke liye sauce,tiles mean pahang we like sauce
ladies ka boor dikhao,ladies ka boor dikhao,ladies ka boor diktat
Chhote Katra suit,chhote katra suit,choose kara suit
Chhote bacche ka track suit,chhote bacche ka track suit,choose bacchae ka track suit
Chhote bacchon ka track suit,chhote bacchon ka track suit,choose bacon ka track suit
samba,samba,samba
brk,brk,bark
zydn,zydn,yen
tfc,tfc,tic
jaket,jaket,jacket
Nike revotion,nike revotion,nike devotion
nike revolution,nike revolution,nike revolution
Woodland coffee,woodland coffee,woodland coffee
cumpas oxyfit,cumpas oxyfit,cuppas outfit
LEE ROK,lee rok,lee rock
LEE ROK Shu,lee rok shu,lee rock she
ronak ogey,ronak ogey,rona obey
ronak ogir,ronak ogir,rona or
citizen casual,citizen casual,citizen casual
citizen casual tution,citizen casual tution,citizen casual tuition
Shree shyam traders,shree shyam traders,three sham traders
Shree shyam terdets,shree shyam terdets,three sham tercets
zaydn,zaydn,haydn
dunlup,dunlup,dunlap
hulex,hulex,culex
bata lades pam show,bata lades pam show,data lades pam show
siga,siga,sign
siga ster,siga ster,sign step
ashoka,ashoka,asoka
sega,sega,sega
abros,abros,bros
2097,2097,2097
ago company,ago company,ago company
sahara,sahara,sahara
high night,high night,high night
redtap,redtap,redcap
indus fw print,indus fw print,indus few print
pam su,pam su,pam so
pamshu sho,pamshu sho,pasha so
indus fw print,indus fw print,indus few print
cubixcubix,cubixcubix,cubixcubix
cubix,cubix,cubic
chair,chair,chair
asian oxigen,asian oxigen,asian oxygen
আরপার,,
126,126,126
manay Enterprises,manay enterprises,many enterprises
sega black,sega black,sega black
white shirt,white shirt,white shirt
Barches,barches,marches
12 size crocks,12 size crocks,12 size crocks
walkoro ladies,walkoro ladies,walkers ladies
lpg  gas  par t s,lpg  gas  par t s,leg gas par t s
wg5633,wg5633,wg5633
sainik footwear,sainik footwear,sink footwear
Dazy119,dazy119,dazy119
Dazy 119,dazy 119,day 119
DaZY119,dazy119,dazy119
Dazy 119,dazy 119,day 119
foot point,foot point,foot point
show,show,show
lee fox,lee fox,lee fox
star kids,star kids,star kids
xpanl,xpanl,pal
mr china,mr china,mr china
dashny,dashny,dash
asian,asian,asian
avalon,avalon,avalon
abroz,abroz,broz
mance ka Crocs,mance ka crocs,dance ka cross
1795,1795,1795
sandals 1648,sandals 1648,sandals 1648
sandals 1648,sandals 1648,sandals 1648
sandals 1648,sandals 1648,sandals 1648
sandals 1648,sandals 1648,sandals 1648
sandals 1458,sandals 1458,sandals 1458
sandals 1458,sandals 1458,sandals 1458
sandals 1648,sandals 1648,sandals 1648
sandals 1458,sandals 1458,sandals 1458
girls kids hawai,girls kids hawai,girls kids hawaii
ileana,ileana,clean
PAN 2423,pan 2423,pan 2423
bride,bride,bride
bride,bride,bride
bride,bride,bride
munnu garma,munnu garma,funny karma
srv,srv,sri
Sparky long pant,sparky long pant,sparky long pant
Us polo,us polo,us polo
tell baby toys,tell baby toys,tell baby toys
Lee Cooper,lee cooper,lee cooper
asian firefly 4,asian firefly 4,asian firefly 4
kids shoe,kids shoe,kids shoe
Jambheshwar,jambheshwar,jambheshwar
Alex Burj Hotel,alex burj hotel,alex burn hotel
frohfeet,frohfeet,crowfeet
forthfeet,forthfeet,forefeet
froh feet,froh feet,from feet
narain polimar,narain polimar,again polar
narainpolimar,narainpolimar,narainpolimar
welcome2859,welcome2859,welcome2859
Uniage bely,uniage bely,unique bell
Uniage bellly,uniage bellly,unique belly
Munda soul ladies,munda soul ladies,munda soul ladies
relaxo casual,relaxo casual,relax casual
bellies 354,bellies 354,bellies 354
fashion fit,fashion fit,fashion fit
sports 491,sports 491,sports 491
"Take a look at this bacca bucci ATTITUDE Korean style High Tops For Men on Flipkart
https://dl.flipkart.com/s/Jl2JS1uuuN","take a look at this bacca bucci attitude korean style high tops for men on flipkart
httpsdlflipkartcomsjl2js1uuun",take a look at this barca gucci attitude korean style high tops for men on flippant httpsdlflipkartcomsjl2js1uuun
"Take a look at this bacca bucci ATTITUDE Korean style High Tops For Men on Flipkart
https://dl.flipkart.com/s/Jl2JS1uuuN","take a look at this bacca bucci attitude korean style high tops for men on flipkart
httpsdlflipkartcomsjl2js1uuun",take a look at this barca gucci attitude korean style high tops for men on flippant httpsdlflipkartcomsjl2js1uuun
ladies  j I l o,ladies  j i l o,ladies j i l o
glamor,glamor,glamor
amco,amco,ammo
jaket,jaket,jacket
hotstar,hotstar,hotter
ventex,ventex,vented
action mention,action mention,action mention
you like,you like,you like
amco,amco,ammo
loorooy Po,loorooy po,poorboy po
dg foam,dg foam,dg foam
Lades .haf panshoe,lades haf panshoe,lades had pawnshop
AIR luz,air luz,air luz
stepio,stepio,step
small bag,small bag,small bag
smal beg,smal beg,small beg
Jordan shooes,jordan shooes,jordan shoes
dhamsa,dhamsa,drama
dhamsa,dhamsa,drama
revire,revire,retire
colombus,colombus,columbus
kcc footwear,kcc footwear,kc footwear
vritraz womens,vritraz womens,vritraz women
room sapol,room sapol,room salol
laice crocks,laice crocks,lace crocks
safety boot,safety boot,safety boot
safety boot,safety boot,safety boot
balies,balies,babies
fittos,fittos,dittos
4G Su lady,4g su lady,ag so lady
Fauji Delhi se,fauji delhi se,fuji delhi se
OG C ladies,og c ladies,of c ladies
feetup,feetup,feet
woodland,woodland,woodland
ladies campus,ladies campus,ladies campus
#hoes,hoes,hoes
new,new,new
action onl-03,action onl03,action only
Ford dost,ford dost,ford dost
q lite,q lite,q lite
ApH f,aph f,ah f
Niak,niak,nick
trv lite,trv lite,try lite
trv flip flop,trv flip flop,try flip flop
trv flip flops,trv flip flops,try flip flops
Osaka brand,osaka brand,osaka brand
BR interest industrious,br interest industrious,br interest industrious
RB branch,rb branch,rb branch
are we industrious,are we industrious,are we industrious
Arabi International,arabi international,arab international
RB,rb,rb
RB International,rb international,rb international
Kolkata hawaai,kolkata hawaai,kolkata hawaii
jump light,jump light,jump light
jump lite,jump lite,jump lite
jumplite sho,jumplite sho,tumpline so
senker,senker,seeker
sport shoes,sport shoes,sport shoes
sport shoes,sport shoes,sport shoes
ladies Bina lace ka show,ladies bina lace ka show,ladies bin lace ka show
kickan,kickan,kick
kickann,kickann,kicking
kickann,kickann,kicking
welcome pure - 21,welcome pure  21,welcome pure 21
welcome pure - 2,welcome pure  2,welcome pure 2
walcam,walcam,talcum
Hooves,hooves,hooves
Roomsliper,roomsliper,roomsliper
heel,heel,heel
UNIQE STAR,uniqe star,unique star
slv soft hawai,slv soft hawai,sly soft hawaii
sandals 1648,sandals 1648,sandals 1648
sandals 1648,sandals 1648,sandals 1648
sandals 1648,sandals 1648,sandals 1648
sandals 1648,sandals 1648,sandals 1648
sandals 1648,sandals 1648,sandals 1648
one more,one more,one more
football studs,football studs,football studs
feddolllll,feddolllll,feddolllll
ladish swaal,ladish swaal,lavish waal
saal,saal,seal
new,new,new
rusta home,rusta home,rusty home
Aerokick shoes,aerokick shoes,aerobics shoes
hush puppies,hush puppies,hush puppies
vivek agarwal,vivek agarwal,vive agarwal
Aqulite,aqulite,quite
F3,f3,fa
Cindy,cindy,cindy
Slv,slv,sly
Aqulite,aqulite,quite
baby clog,baby clog,baby clog
Adidas first copy,adidas first copy,adidas first copy
bata,bata,data
1 car for 7years,1 car for 7years,1 car for years
Hi sogo,hi sogo,hi solo
clogs 1088,clogs 1088,clogs 1088
lokaso,lokaso,lotas
rain boot,rain boot,rain boot
ladies kids,ladies kids,ladies kids
women kids,women kids,women kids
ladies blazer,ladies blazer,ladies blazer
pam shu,pam shu,pam she
fludic,fludic,ludic
Ajanta hawai 028,ajanta hawai 028,santa hawaii 028
Nike hawai,nike hawai,nike hawaii
Nike covers,nike covers,nike covers
Khadim hawai,khadim hawai,khaki hawaii
Jordan cover,jordan cover,jordan cover
Ajanta Hawai,ajanta hawai,santa hawaii
Jordan cover,jordan cover,jordan cover
Khadimes pro,khadimes pro,khadimes pro
Khadimes pro,khadimes pro,khadimes pro
Ajanta hawai,ajanta hawai,santa hawaii
Nike silver,nike silver,nike silver
bumbe hawai,bumbe hawai,bumble hawaii
man casul,man casul,man casual
khadim cross,khadim cross,khaki cross
walkylight,walkylight,walkylight
vkv,vkv,vav
fancy sandel for gils,fancy sandel for gils,fancy sandal for girls
new look child zooti,new look child zooti,new look child foot
kid slip,kid slip,kid slip
action hen-24,action hen24,action hence
khadim grill,khadim grill,khaki grill
sega comfurt,sega comfurt,sega comfort
price 339,price 339,price 339
light  shop,light  shop,light shop
light  shop,light  shop,light shop
sastachapla,sastachapla,sastachapla
inner cap a.a,inner cap aa,inner cap a
inner cap s.s,inner cap ss,inner cap ss
snowlife,snowlife,snowline
mens jacket,mens jacket,men jacket
sega Juno plus,sega juno plus,sega juno plus
progon,progon,proton
Aqualite 205 girls,aqualite 205 girls,quality 205 girls
Aqualite 205 lesit,aqualite 205 lesit,quality 205 lest
kizashi,kizashi,kizashi
footox,footox,foot
Nike dusin,nike dusin,nike dustin
Sparx kanbus,sparx kanbus,spare kanzus
asian ladies,asian ladies,asian ladies
asian women,asian women,asian women
aircity,aircity,atrocity
Columbus,columbus,columbus
feetlike,feetlike,eellike
feetlike,feetlike,eellike
Action milano,action milano,action milan
action milano,action milano,action milan
parafeet,parafeet,parakeet
cipramo,cipramo,cipro
novelty art 522,novelty art 522,novelty art 522
novelty,novelty,novelty
hrx,hrx,hex
Adidas Nayak ka pitawa,adidas nayak ka pitawa,adidas kayak ka pita
aqualite,aqualite,quality
bluetyaga,bluetyaga,bluetyaga
winter shor,winter shor,winter show
palaza Footwear,palaza footwear,plaza footwear
orthorest l333,orthorest l333,orthoses l333
crocs fast copy,crocs fast copy,cross fast copy
segastar,segastar,megastar
jumplite,jumplite,tumpline
bata tennis,bata tennis,data tennis
adidas first copy,adidas first copy,adidas first copy
doctorchappal,doctorchappal,doctorchappal
star ride,star ride,star ride
adda omega 02,adda omega 02,add omega 02
adda men omega,adda men omega,add men omega
asiyan sort shu,asiyan sort shu,asian sort she
asiyan sort shu,asiyan sort shu,asian sort she
jench selper,jench selper,bench seller
jench selper,jench selper,bench seller
hie nak,hie nak,hie na
ladara buta,ladara buta,radar but
river,river,river
Bata lag raha,bata lag raha,data lag aha
follwers contion,follwers contion,followers coition
Juta,juta,jut
"dilli,product,ledis",dilliproductledis,dilliproductledis
jacket,jacket,jacket
lofarshoes,lofarshoes,lofarshoes
SLT lite,slt lite,set lite
wonder falero,wonder falero,wonder alert
delwin,delwin,detain
22g 1230,22g 1230,big 1230
Aqualita स्लीपर,aqualita ,quality
asian Delta 20 white,asian delta 20 white,asian delta 20 white
bride,bride,bride
वजीर,,
वजीर,,
spensar,spensar,spenser
हाफ में स्पोर्ट्स शूज,   ,
स्पोर्ट्स शूज, ,
chapalflite,chapalflite,chapalflite
galaxy footwear,galaxy footwear,galaxy footwear
TRZ,trz,try
kats footwear,kats footwear,eats footwear
kats,kats,eats
kats,kats,eats
eva juti,eva juti,eva jut
aar par,aar par,car par
crocks flite men,crocks flite men,crocks flite men
bdr,bdr,bar
abros,abros,bros
bride,bride,bride
asian lace up,asian lace up,asian lace up
supreme light,supreme light,supreme light
redchif,redchif,redshift
aisan,aisan,asian
aisan,aisan,asian
Bolt 6/10,bolt 610,bolt 610
pvc wahaii 1114,pvc wahaii 1114,pic hawaii 1114
Action,action,action
Action,action,action
Action,action,action
sky kent,sky kent,sky kent
happenstance,happenstance,happenstance
shiv naresh,shiv naresh,shiv nares
reflex hawai,reflex hawai,reflex hawaii
reflex hawai,reflex hawai,reflex hawaii
lakhani puffz,lakhani puffz,lakhani puff
felexo,felexo,flex
vkc hawai,vkc hawai,vic hawaii
tejas,tejas,teas
skylark hawai,skylark hawai,skylark hawaii
campus big size,campus big size,campus big size
asian,asian,asian
zayden,zayden,hayden
parafeet,parafeet,parakeet
nagarashu Sherwani,nagarashu sherwani,nagarashu sherman
Golf ka Maan,golf ka maan,golf ka man
China all item,china all item,china all item
Moti Roxy health,moti roxy health,moth roxy health
spraking,spraking,speaking
Airson,airson,arson
bride,bride,bride
bride 1515,bride 1515,bride 1515
lace-up 1076,laceup 1076,backup 1076
jacket,jacket,jacket
moti hawai,moti hawai,moth hawaii
arbunore,arbunore,arbunore
Bonjar,bonjar,sonar
mosach,mosach,coach
neoz,neoz,neon
saftyshoes,saftyshoes,saftyshoes
Columbus,columbus,columbus
Shanti techno plastic lemrted,shanti techno plastic lemrted,shanty techno plastic learned
swiftlite,swiftlite,swiftlet
abors,abors,abort
footdos,footdos,foods
winter footwear for women,winter footwear for women,winter footwear for women
pamma,pamma,gamma
campus atlantis,campus atlantis,campus atlantis
hi fly ladies,hi fly ladies,hi fly ladies
Red chief,red chief,red chief
red chief,red chief,red chief
jayden,jayden,hayden
asian box 1,asian box 1,asian box 1
bijnis,bijnis,binds
medisaft,medisaft,mediant
relaxo,relaxo,relax
parry,parry,parry
medifeet,medifeet,medifeet
action long,action long,action long
vajeer arba,vajeer arba,career area
abros,abros,bros
copper,copper,copper
columbus,columbus,columbus
yt traders,yt traders,yt traders
virgin,virgin,virgin
Venus Lakhani,venus lakhani,venus lakhani
Venus,venus,venus
virgin,virgin,virgin
columbus,columbus,columbus
kids footwear,kids footwear,kids footwear
just kids,just kids,just kids
just kids,just kids,just kids
Bluetooth,bluetooth,bluetooth
home faction,home faction,home faction
vkc,vkc,vic
hightech,hightech,hightest
k star,k star,k star
Dessx mea dress,dessx mea dress,desex me dress
tsf,tsf,ts
plastic waterproof,plastic waterproof,plastic waterproof
polo sweeter,polo sweeter,polo sweeter
komico,komico,comic
pu thumb strap 2257,pu thumb strap 2257,pu thumb strap 2257
Dab Shuffle,dab shuffle,dab shuffle
Air shoes,air shoes,air shoes
trakstar,trakstar,trakstar
Find x8 pro,find x8 pro,find xu pro
Nana chhokra Parwana,nana chhokra parwana,anna cahokia arcana
woodland,woodland,woodland
metro,metro,metro
jwellary,jwellary,jwellary
jwellart,jwellart,jwellart
42149,42149,42149
mobail,mobail,mobil
mobail covar,mobail covar,mobil cover
kids dress,kids dress,kids dress
Nike jacket,nike jacket,nike jacket
HRX,hrx,hex
colambus,colambus,columbus
tube sole,tube sole,tube sole
black chain jeans pant funky,black chain jeans pant funky,black chain jeans pant funky
Black jeans back funky pant,black jeans back funky pant,black jeans back funky pant
Girls mojri,girls mojri,girls more
Paragon Hawai,paragon hawai,paragon hawaii
Paragon cushion,paragon cushion,paragon cushion
r swiss,r swiss,r swiss
smart watch,smart watch,smart watch
iphone 15 pro,iphone 15 pro,iphone 15 pro
boys banins,boys banins,boys banns
ramraj banins,ramraj banins,ramrod banns
kurta pajama,kurta pajama,kurt pajama
blazer kot,blazer kot,blazer not
lakhani touch,lakhani touch,lakhani touch
snowlift,snowlift,shoplift
arpar,arpar,area
स्वदेशी स्लीपर, ,
banions,banions,bunions
Vivo y 20,vivo y 20,vive y 20
HW  battery,hw  battery,he battery
cargo pent,cargo pent,cargo pent
drone,drone,drone
iphone,iphone,iphone
jacket,jacket,jacket
nado jeans,nado jeans,ado jeans
jeans pant narrow,jeans pant narrow,jeans pant narrow
jogar jins,jogar jins,sugar wins
tiki bike ring,tiki bike ring,tiki bike ring
jogar fit jins,jogar fit jins,sugar fit wins
kurta,kurta,kurt
twist mop,twist mop,twist mop
pant shirt,pant shirt,pant shirt
airport,airport,airport
jaket,jaket,jacket
power bank,power bank,power bank
power bank,power bank,power bank
power bank,power bank,power bank
मां के लिए जैकेट,   ,
men jekit,men jekit,men exit
sparx,sparx,spare
dekothlon jacket mens,dekothlon jacket mens,decathlon jacket men
mens pant colours,mens pant colours,men pant colors
wakro,wakro,war
creoz,creoz,creon
jacket,jacket,jacket
biker jacket,biker jacket,biker jacket
ladis pump ahow,ladis pump ahow,ladies pump how
mens shirts,mens shirts,men shirts
vesper,vesper,vesper
watch,watch,watch
pressure varan,pressure varan,pressure saran
pressure Horan,pressure horan,pressure horn
jeans pant,jeans pant,jeans pant
fly max,fly max,fly max
remote wala gadi बढ़िया-बढ़िया,remote wala gadi ,remote walk wadi
gadi बढ़िया-बढ़िया remote wala,gadi  remote wala,wadi remote walk
Baja बढ़िया-बढ़िया home theatre,baja  home theatre,baba home theatre
फोन वाली घड़ी टच वाली फोन वाली घड़ी कम दाम में,          ,
watch,watch,watch
hoodie,hoodie,goodie
baggy jeans,baggy jeans,baggy jeans
baggy,baggy,baggy
aar par,aar par,car par
jeans Tshirt dikhao,jeans tshirt dikhao,jeans shirt diktat
jeans pant dikhao,jeans pant dikhao,jeans pant diktat
watch,watch,watch
कोल्हापूर,,
watch,watch,watch
Watch ⌚,watch ,watch
bulk system,bulk system,bulk system
ladies lighter,ladies lighter,ladies lighter
filfalup,filfalup,filfalup
watch,watch,watch
felko,felko,felt
sparky jins,sparky jins,sparky wins
sbm,sbm,sum
sbm,sbm,sum
Supreme light,supreme light,supreme light
company wokline,company wokline,company online
Clothing men,clothing men,clothing men
कपड़े,,
calpeta,calpeta,carpet
garments,garments,garments
বুট,,
Jens pant for man,jens pant for man,jews pant for man
jacket jacket,jacket jacket,jacket jacket
jakat men,jakat men,jacket men
cotenpant,cotenpant,cotenant
jens pant,jens pant,jews pant
Jeans Aur paint,jeans aur paint,jeans our paint
Ham to Kaha kapde,ham to kaha kapde,ham to kara made
jeans pant,jeans pant,jeans pant
friend jeans pant,friend jeans pant,friend jeans pant
Allen Solly shirt mens,allen solly shirt mens,allen silly shirt men
Allen Solly,allen solly,allen silly
airsport,airsport,airport
Lee cooper,lee cooper,lee cooper
orex,orex,ore
orexa,orexa,area
juwelary,juwelary,jewelry
jeans pant,jeans pant,jeans pant
earphone,earphone,earphone
jeans,jeans,jeans
set,set,set
t sat,t sat,t sat
jines boy,jines boy,lines boy
jines men,jines men,lines men
camera,camera,camera
kapde,kapde,made
chut,chut,cut
jeans couple,jeans couple,jeans couple
this pain,this pain,this pain
hot jeans,hot jeans,hot jeans
gents ladke ka,gents ladke ka,gents lake ka
à¤ à¤‚à¤¡à¥€ à¤•à¥‡ à¤²à¤¿à¤ à¤œà¥ˆà¤•à¥‡à¤Ÿ,    ,
jins boys,jins boys,wins boys
office chair,office chair,office chair
woman heel sandil,woman heel sandil,woman heel sandal
china item,china item,china item
24 sal ke aadami ki pant damage,24 sal ke aadami ki pant damage,24 sal we madam ki pant damage
welshine,welshine,welshing
medi feet,medi feet,media feet
medifeet,medifeet,medifeet
medifit,medifit,mediant
vinchee,vinchee,inches
vinchee,vinchee,inches
design studio,design studio,design studio
design studia,design studia,design studio
sole,sole,sole
trz,trz,try
260,260,260
vpr,vpr,var
tfc,tfc,tic
Lancer,lancer,lancer
Lancer 2420,lancer 2420,lancer 2420
Lancer 2420,lancer 2420,lancer 2420
white jacket,white jacket,white jacket
white jacket  mans,white jacket  mans,white jacket mans
bairathi,bairathi,marathi
sports 1396,sports 1396,sports 1396
3173,3173,3173
548671,548671,548671
gg enterprises,gg enterprises,go enterprises
airspot,airspot,airport
asian oxygen 03,asian oxygen 03,asian oxygen 03
3037,3037,3037
hlix,hlix,helix
gulshan,gulshan,tulsan
toplite,toplite,hoplite
12 nabar lehtadar,12 nabar lehtadar,12 babar lehtadar
action atg 987,action atg 987,action at 987
👜,,
sega,sega,sega
star impact,star impact,star impact
China garam crocks,china garam crocks,china gram crocks
crocs vitr,crocs vitr,cross vito
zeng,zeng,zing
blibbers,blibbers,blabbers
gulshan,gulshan,tulsan
hilson48,hilson48,hilson48
hilson48,hilson48,hilson48
amron,amron,apron
sspot on,sspot on,spot on
amron,amron,apron
gola laces,gola laces,gold laces
columbus,columbus,columbus
woche,woche,boche
watch,watch,watch
columbus,columbus,columbus
ladies warm crox,ladies warm crox,ladies warm crop
furr  carpet,furr  carpet,fur carpet
carpet furr,carpet furr,carpet fur
kids poshu,kids poshu,kids posh
lee code,lee code,lee code
monstar,monstar,monster
belt,belt,belt
svaar,svaar,saar
urban 39 Asain,urban 39 asain,urban 39 again
SVAAR,svaar,saar
savaar,savaar,savage
SVAAR crocs,svaar crocs,saar cross
svaar,svaar,saar
urban 13 asain,urban 13 asain,urban 13 again
ladies fancy,ladies fancy,ladies fancy
wintershoes,wintershoes,wintershoes
ektta.,ektta,etta
columbus,columbus,columbus
hrx,hrx,hex
asian crocs,asian crocs,asian cross
bottle dhulai wale clubs,bottle dhulai wale clubs,bottle hula wale clubs
410 41 episode,410 41 episode,410 41 episode
leather wale leather wale Mujhe aadmiyon ke,leather wale leather wale mujhe aadmiyon ke,leather wale leather wale much aadmiyon we
Sega star impact,sega star impact,sega star impact
muuchstac face wash,muuchstac face wash,muuchstac face wash
campus 2 5 saiz,campus 2 5 saiz,campus 2 5 said
ledies shuj,ledies shuj,ladies shut
half jacket,half jacket,half jacket
half jacket white color,half jacket white color,half jacket white color
half jacket white color,half jacket white color,half jacket white color
half jacket white color,half jacket white color,half jacket white color
Lancer company Keval jute dikhaiye bus Thandi wali Juti,lancer company keval jute dikhaiye bus thandi wali juti,lancer company kevel jute dikhaiye bus than walk jut
Lancer company kapde ka Juti Thandi wali ladies Juti,lancer company kapde ka juti thandi wali ladies juti,lancer company made ka jut than walk ladies jut
socks socks Jockey ka socks,socks socks jockey ka socks,socks socks jockey ka socks
tfc,tfc,tic
fiber,fiber,fiber
hetro,hetro,hero
columbus,columbus,columbus
ofome,ofome,come
copy,copy,copy
abros,abros,bros
Rok,rok,rock
keyboard,keyboard,keyboard
prachi,prachi,peach
weldon,weldon,weldon
Gloves,gloves,gloves
read chef,read chef,read chef
red chief,red chief,red chief
relax nagra  kardi,relax nagra  kardi,relax nara kari
jaket men barande,jaket men barande,jacket men balance
Abros,abros,bros
restinfoot,restinfoot,restinfoot
restinfoot,restinfoot,restinfoot
cylm lb,cylm lb,calm la
campus,campus,campus
campus,campus,campus
MPA,mpa,map
jacket,jacket,jacket
nobelite,nobelite,nobility
mjq,mjq,my
mjq,mjq,my
redchef,redchef,reached
fibra,fibra,libra
jacket,jacket,jacket
jackets for men,jackets for men,jackets for men
bijnis,bijnis,binds
moza,moza,mona
redtech,redtech,redneck
new dinobirds,new dinobirds,new kingbirds
p v c 1429,p v c 1429,p v c 1429
p v c 1429,p v c 1429,p v c 1429
fensi ledis sen,fensi ledis sen,fens lewis sen
loafer shoes,loafer shoes,loafer shoes
restinfoot,restinfoot,restinfoot
hordan,hordan,jordan
diaper,diaper,diaper
bacchon ke garm kapde dikhayen,bacchon ke garm kapde dikhayen,bacon we warm made dikhayen
white jacket,white jacket,white jacket
rupa jon baniyan,rupa jon baniyan,pupa jon banyan
rupa jon,rupa jon,pupa jon
lakhani pace,lakhani pace,lakhani pace
ayog,ayog,agog
country,country,country
rok,rok,rock
binota,binota,biota
red & ship,red  ship,red ship
ladies gents socks,ladies gents socks,ladies gents socks
bruton,bruton,burton
www.sfr footwear .com,wwwsfr footwear com,wowser footwear com
indus slper,indus slper,indus super
trz boy kids,trz boy kids,try boy kids
Gorard,gorard,gerard
pu vshape 1974,pu vshape 1974,pu shape 1974
faziwalk Traders,faziwalk traders,faziwalk traders
ladies boat,ladies boat,ladies boat
fittos,fittos,dittos
lakhani floy,lakhani floy,lakhani fly
woodland,woodland,woodland
bicycle,bicycle,bicycle
zaydn,zaydn,haydn
doctor for women,doctor for women,doctor for women
campus no les,campus no les,campus no les
chalsi,chalsi,chase
yono mens,yono mens,bono men
boys and girls crocks,boys and girls crocks,boys and girls crocks
jk Enterprises,jk enterprises,ok enterprises
Aqualite,aqualite,quality
Aqualite,aqualite,quality
mosach,mosach,coach
footup,footup,foot
पुमा,,
ZuDio,zudio,audio
उमा,,
उमा,,
puntoblu,puntoblu,puntoblu
trv 106,trv 106,try 106
primebook,primebook,prebook
bdr,bdr,bar
pamcon,pamcon,pardon
bride,bride,bride
himalaya,himalaya,himalaya
Aqualite,aqualite,quality
equality,equality,equality
himalaya,himalaya,himalaya
campus camel brown,campus camel brown,campus camel brown
wall climb,wall climb,wall climb
lunar,lunar,lunar
bmg,bmg,big
Allen walk,allen walk,allen walk
rita,rita,rita
woodland,woodland,woodland
8885,8885,8885
sega comfort,sega comfort,sega comfort
kids Chelsea,kids chelsea,kids chelsea
SL 167 SPARX,sl 167 sparx,so 167 spare
sx 809 sparx,sx 809 sparx,so 809 spare
sega comfort,sega comfort,sega comfort
9 se 10 Soch Chhote bacchon ke,9 se 10 soch chhote bacchon ke,9 se 10 such choose bacon we
ladies sleeper often,ladies sleeper often,ladies sleeper often
आग्रा,,
school shoes,school shoes,school shoes
foncil,foncil,council
mumbai china,mumbai china,mumbai china
abex bot,abex bot,alex not
formal pant,formal pant,formal pant
स्कूल शूज गोला,  ,
you wish a ladies,you wish a ladies,you wish a ladies
funky,funky,funky
drages,drages,drags
smart watch,smart watch,smart watch
naeeki,naeeki,naevi
smart wach,smart wach,smart each
hilux 196,hilux 196,hilum 196
ons 378,ons 378,on 378
eco soft,eco soft,eco soft
bairathi,bairathi,marathi
beratti,beratti,berate
sega comfort,sega comfort,sega comfort
sega comfert,sega comfert,sega comfort
red chief,red chief,red chief
radix spors,radix spors,radix sports
redix,redix,redid
four way like registration change,four way like registration change,four way like registration change
four way like jins,four way like jins,four way like wins
four way like ra,four way like ra,four way like ra
four way like lower,four way like lower,four way like lower
lycra pant,lycra pant,lycra pant
aar paar,aar paar,car paar
aar pass,aar pass,car pass
pants men,pants men,pants men
finexgold,finexgold,finexgold
zydon,zydon,don
zaydn,zaydn,haydn
bosco,bosco,bosch
acchi wali ladkiyon ki bhokar,acchi wali ladkiyon ki bhokar,ache walk ladkiyon ki broker
welcome,welcome,welcome
new party sir ji,new party sir ji,new party sir i
campus hasley adv,campus hasley adv,campus haley add
campus cruser,campus cruser,campus cruiser
velve,velve,valve
out less,out less,out less
airson picasso,airson picasso,arson picasso
sasta crock,sasta crock,pasta crock
ledis lipliop,ledis lipliop,lewis lipliop
asian,asian,asian
ogaye,ogaye,gave
cross models kya rate hai,cross models kya rate hai,cross models ya rate had
studds youth,studds youth,studs youth
paragon streem less,paragon streem less,paragon street less
big foxx,big foxx,big fox
big fox,big fox,big fox
woodman,woodman,woodman
Arba,arba,area
airjordan shoes,airjordan shoes,airjordan shoes
striker,striker,striker
cly,cly,fly
Stricker,stricker,sticker
striker,striker,striker
acolait,acolait,acclaim
lunars,lunars,lunar
restinfoot,restinfoot,restinfoot
restinfoot,restinfoot,restinfoot
restinfoot,restinfoot,restinfoot
ladies bagss,ladies bagss,ladies bags
30378,30378,30378
loose nice Patti,loose nice patti,loose nice patti
ginger,ginger,ginger
womens health plus,womens health plus,women health plus
Gorav,gorav,goral
champs,champs,champs
champs,champs,champs
bmg,bmg,big
pu jnj,pu jnj,pu and
hytech,hytech,hatch
hitech,hitech,hitch
show,show,show
muzik,muzik,muzak
Pickwick,pickwick,pickwick
ladies ladies China item,ladies ladies china item,ladies ladies china item
vajeer,vajeer,career
aerocity,aerocity,atrocity
aerostyle,aerostyle,peristyle
columbus,columbus,columbus
bmg,bmg,big
hitz,hitz,hit
acy city,acy city,any city
Sparx,sparx,spare
Paragon cushion,paragon cushion,paragon cushion
a live ton,a live ton,a live ton
white smackers kids size,white smackers kids size,white smackers kids size
kvr,kvr,kor
crosday,crosday,crosby
boysfancyshoes,boysfancyshoes,boysfancyshoes
columbus,columbus,columbus
striker,striker,striker
striker,striker,striker
horn,horn,horn
striker,striker,striker
Puma,puma,puma
Moonwalk company name,moonwalk company name,moonwalk company name
googly,googly,googly
ladies formel shoes,ladies formel shoes,ladies former shoes
crocs kids,crocs kids,cross kids
new dinobirds ladies,new dinobirds ladies,new kingbirds ladies
Jerkin white colour,jerkin white colour,jerkin white color
white colour jacket,white colour jacket,white color jacket
dhl maxforte,dhl maxforte,del maxforte
dhl maxforte,dhl maxforte,del maxforte
Kirshna foot wear,kirshna foot wear,krishna foot wear
just lady,just lady,just lady
vkc,vkc,vic
medifeet,medifeet,medifeet
brikenstock,brikenstock,birkenstock
structure,structure,structure
sececar,sececar,secular
yT. 083,yt 083,yt 083
yT. 091,yt 091,yt 091
yt. 083,yt 083,yt 083
yt083,yt083,yt083
under 50 rs,under 50 rs,under 50 rs
BataSchOoe,bataschooe,bataschooe
Batashoe,batashoe,batashoe
jevar jevar,jevar jevar,never never
big fox,big fox,big fox
kinax,kinax,kina
sonic,sonic,sonic
lether,lether,letter
ABROS,abros,bros
abros,abros,bros
amk 157,amk 157,am 157
ortho ladies,ortho ladies,orth ladies
toyto 153,toyto 153,toto 153
screenguard,screenguard,screenguard
woodland,woodland,woodland
mens mcr v stop,mens mcr v stop,men mar v stop
croks lite boys,croks lite boys,cross lite boys
croks boys,croks boys,cross boys
croks lite boyd,croks lite boyd,cross lite boyd
innars,innars,innards
crocs forvmen,crocs forvmen,cross foremen
xada,xada,ada
bdr,bdr,bar
hrx,hrx,hex
ladies plus ladies,ladies plus ladies,ladies plus ladies
boys belt,boys belt,boys belt
mens belt,mens belt,men belt
pure boys belt,pure boys belt,pure boys belt
strikre,strikre,strike
cubox belt,cubox belt,box belt
striker,striker,striker
striker,striker,striker
airson,airson,arson
abros,abros,bros
primo,primo,primo
pulite,pulite,polite
jumplite,jumplite,tumpline
rc leathers,rc leathers,re leathers
atmo,atmo,ammo
atmo,atmo,ammo
atom,atom,atom
atom,atom,atom
atom,atom,atom
aerostyle,aerostyle,peristyle
bxy,bxy,by
boxy,boxy,boxy
woodland,woodland,woodland
buggy,buggy,buggy
sixer,sixer,mixer
ladies flip,ladies flip,ladies flip
Lunar,lunar,lunar
hytech,hytech,hatch
অ্যাকশন 406, 406,406
xpert keds,xpert keds,expert kids
ladis hunter,ladis hunter,ladies hunter
flip flop ladies,flip flop ladies,flip flop ladies
aldaco,aldaco,alpaca
suprim lite,suprim lite,supreme lite
airson,airson,arson
Picasso,picasso,picasso
perform,perform,perform
skypon,skypon,skype
slippers,slippers,slippers
lee coper,lee coper,lee coper
cantry man,cantry man,canary man
vkc,vkc,vic
just lady,just lady,just lady
froh feet,froh feet,from feet
srv,srv,sri
strakonchamps,strakonchamps,strakonchamps
strakon,strakon,strain
bandhna,bandhna,bandana
bandhna,bandhna,bandana
boot,boot,boot
rum silper,rum silper,rum silver
shoptegic,shoptegic,shoptegic
rum silper,rum silper,rum silver
pumshoe,pumshoe,gumshoe
airson,airson,arson
raja babu,raja babu,raja baby
ogiy sky gls,ogiy sky gls,only sky gas
ogiyi sky,ogiyi sky,ogive sky
medicine,medicine,medicine
abros,abros,bros
abros,abros,bros
campus bonus,campus bonus,campus bonus
pls 353,pls 353,plus 353
lencer,lencer,lender
sports2597,sports2597,sports2597
Huawei ladies,huawei ladies,hawed ladies
women Hawaii,women hawaii,women hawaii
yeah Bros,yeah bros,yeah bros
1738,1738,1738
shagun,shagun,shogun
Turnex Hockey,turnex hockey,turned hockey
windsor,windsor,windsor
relaxo hawai,relaxo hawai,relax hawaii
ajanta hawai,ajanta hawai,santa hawaii
ashoka hawai,ashoka hawai,asoka hawaii
asoka hawai,asoka hawai,asoka hawaii
Ananya Enterprise,ananya enterprise,banana enterprise
hilux,hilux,hilum
champs ladies,champs ladies,champs ladies
dunlup,dunlup,dunlap
khaitan,khaitan,shaitan
Desi Love Story,desi love story,desk love story
abrose,abrose,arose
abros,abros,bros
asian keto,asian keto,asian veto
asian cligs,asian cligs,asian clips
asian crocks,asian crocks,asian crocks
asian clogs,asian clogs,asian clogs
go ride,go ride,go ride
BLk/RED,blkred,blared
hilux,hilux,hilum
pritoz,pritoz,prison
griles hot pant,griles hot pant,giles hot pant
Toes & Togitos,toes  togitos,toes bonitos
woman dupatta,woman dupatta,woman dupatta
Svaar men,svaar men,saar men
Svaar footwear,svaar footwear,saar footwear
airfox,airfox,airflow
ladies flat chappal,ladies flat chappal,ladies flat chapel
paragon 9085 madel,paragon 9085 madel,paragon 9085 made
fit& fine,fit fine,fit fine
gipco,gipco,disco
umbrella frock,umbrella frock,umbrella frock
silicone socks,silicone socks,silicone socks
yaar,yaar,year
radium shirt,radium shirt,radium shirt
aeuro fancy,aeuro fancy,euro fancy
kiero,kiero,kero
cubics,cubics,cubic
wild life,wild life,wild life
baby cold aitam,baby cold aitam,baby cold aim
baby socks,baby socks,baby socks
zaydn,zaydn,haydn
zaydan,zaydan,payday
studs foot ballshoes,studs foot ballshoes,studs foot ballses
foot ballshoes,foot ballshoes,foot ballses
foot ballshoes sega,foot ballshoes sega,foot ballses sega
SATHVIK OVERSEAS,sathvik overseas,sathvik overseas
boys cross,boys cross,boys cross
jersey track suit,jersey track suit,jersey track suit
Girls formal shoe,girls formal shoe,girls formal shoe
tfc,tfc,tic
zaydn,zaydn,haydn
baby white bally,baby white bally,baby white bally
Aircon,aircon,zircon
lehar,lehar,lear
parry,parry,parry
lehar,lehar,lear
lehar,lehar,lear
lehar,lehar,lear
lehar,lehar,lear
lehar,lehar,lear
croos men,croos men,cross men
coros men,coros men,corps men
Best of KK ❤️🎧। #kk #bollywoodsongs #singer #trending #shorts #viral #youtube #shortvideo #hindi,best of kk  kk bollywoodsongs singer trending shorts viral youtube shortvideo hindi,best of ok ok bollywoodsongs singer trending shorts viral youtube shortvideo hindi
coros taip,coros taip,corps trip
ogy,ogy,orgy
abros,abros,bros
samba,samba,samba
asian kids,asian kids,asian kids
asian boy kids,asian boy kids,asian boy kids
rilexo,rilexo,riled
stout,stout,stout
Zensar Puma,zensar puma,sensor puma
new article Juta ladies,new article juta ladies,new article jut ladies
chunky& fashion,chunky fashion,chunky fashion
Acedify,acedify,acetify
zd,zd,ad
Munda Munda gol gol,munda munda gol gol,munda munda got got
National fashion gold,national fashion gold,national fashion gold
hrx,hrx,hex
new cors,new cors,new cops
RC ledar,rc ledar,re cedar
VOBLAND,vobland,bland
VOBLAND Lathra,vobland lathra,bland later
trump,trump,trump
sports 1837,sports 1837,sports 1837
bikeshoe,bikeshoe,bakeshop
rinox,rinox,ring
pudnr,pudnr,punk
kwiker,kwiker,wider
Saga star,saga star,saga star
power duplicate,power duplicate,power duplicate
airwash,airwash,airway
amco,amco,ammo
relaxo flite beli,relaxo flite beli,relax flite bell
campus new ariaval,campus new ariaval,campus new arrival
campus 22G-574,campus 22g574,campus 22g574
campus new araval,campus new araval,campus new travel
campus new araibol,campus new araibol,campus new araibol
campus GAVIN,campus gavin,campus gavin
campus 22G-1175,campus 22g1175,campus 22g1175
winter c,winter c,winter c
kurol bhag market delhi,kurol bhag market delhi,karol bag market delhi
EXTER,exter,enter
amco,amco,ammo
netco,netco,neck
natco,natco,natch
Ajanta pansho,ajanta pansho,santa pans
Hi Sogo covar,hi sogo covar,hi solo cover
comfrotwolk,comfrotwolk,comfrotwolk
amco,amco,ammo
abros,abros,bros
room s,room s,room s
ladies han bag,ladies han bag,ladies han bag
kasmiri bag,kasmiri bag,kashmiri bag
campus oxifit,campus oxifit,campus outfit
campus oxifit,campus oxifit,campus outfit
vertis,vertis,vermis
pamsu,pamsu,past
1aok649,1aok649,1aok649
HRx,hrx,hex
hrx,hrx,hex
Vivo liit,vivo liit,vive list
Bride 2153,bride 2153,bride 2153
gents Hawaii,gents hawaii,gents hawaii
remote control wala gadi chalne wala Hath se kam Dam,remote control wala gadi chalne wala hath se kam dam,remote control walk wadi chalone walk hath se am dam
ladies long sweater,ladies long sweater,ladies long sweater
NewStar,newstar,nectar
Zara company sapa,zara company sapa,zara company papa
Jis company Kappal,jis company kappal,is company kappa
Ismail company,ismail company,ismail company
Nexusfootwear,nexusfootwear,nexusfootwear
asian4576,asian4576,asian4576
Dunlup pamsu,dunlup pamsu,dunlap past
snowland,snowland,snowman
Ajanta classic,ajanta classic,santa classic
ledies flite new,ledies flite new,ladies flite new
Citizen 315,citizen 315,citizen 315
citizen315,citizen315,citizen315
Amk306,amk306,amk306
forth,forth,forth
hrx,hrx,hex
khadim hawai,khadim hawai,khaki hawaii
Relaxo hawai,relaxo hawai,relax hawaii
bride,bride,bride
reksin,reksin,resin
sega,sega,sega
power,power,power
fancy blouse,fancy blouse,fancy blouse
fancy blouse,fancy blouse,fancy blouse
VENZA CROCK,venza crock,vena crock
aqualite clog,aqualite clog,quality clog
aqualite crok,aqualite crok,quality cook
Campus Vayu,campus vayu,campus vatu
Aks followers,aks followers,as followers
yaar sungampur,yaar sungampur,year sungampur
yaar Kaun Gam,yaar kaun gam,year kan gam
careofeet,careofeet,careofeet
zara,zara,zara
stocker,stocker,sticker
Binnay,binnay,bunny
samba,samba,samba
100 under,100 under,100 under
small pump jacket,small pump jacket,small pump jacket
jacket,jacket,jacket
car accessary,car accessary,car accessary
jacket,jacket,jacket
footwear kids,footwear kids,footwear kids
jacket,jacket,jacket
zoydan,zoydan,jordan
zaydan,zaydan,payday
zeydan,zeydan,sedan
AxL,axl,all
shoetopia,shoetopia,photopia
417,417,417
417,417,417
winter cotton show,winter cotton show,winter cotton show
Columbus,columbus,columbus
yeah sure,yeah sure,yeah sure
track pan,track pan,track pan
Bombay,bombay,bombay
abroad show a brush show,abroad show a brush show,abroad show a brush show
chalks Pooja,chalks pooja,chalks pooka
jokes mujah,jokes mujah,jokes much
abrose show,abrose show,arose show
jokes Maja,jokes maja,jokes mama
abrose,abrose,arose
Hrx,hrx,hex
red chif,red chif,red chief
siv naresh,siv naresh,sit nares
kids sweter set girls,kids sweter set girls,kids sweater set girls
airson,airson,arson
kait,kait,wait
airsan,airsan,airman
winter Lakra bely,winter lakra bely,winter laura bell
Girl crocs,girl crocs,girl cross
girl crocs,girl crocs,girl cross
kids car,kids car,kids car
asian achiever 16,asian achiever 16,asian achiever 16
Lensu,lensu,lens
ladki ka suit,ladki ka suit,laski ka suit
trouser paint,trouser paint,trouser paint
trouser,trouser,trouser
sparking,sparking,sparking
4704,4704,4704
darks Agra show,darks agra show,dark agra show
lakhani pace,lakhani pace,lakhani pace
action plus,action plus,action plus
nilux,nilux,flux
gulshan,gulshan,tulsan
Lakhani pace,lakhani pace,lakhani pace
kizashi,kizashi,kizashi
Nike sportswear,nike sportswear,nike sportswear
हाफ जैकेट जींस वाला,   ,
campus cruser,campus cruser,campus cruiser
yostar,yostar,costar
colombus,colombus,columbus
red chief,red chief,red chief
gola dav (v)brown,gola dav vbrown,gold day brown
aircity,aircity,atrocity
zaydn,zaydn,haydn
campus path,campus path,campus path
0lak,0lak,flak
gulshan,gulshan,tulsan
cresta,cresta,crest
zaydn,zaydn,haydn
Sega sujj,sega sujj,sega sure
air sujj,air sujj,air sure
walkaro sujj,walkaro sujj,walkers sure
the Lamar Curtis purses,the lamar curtis purses,the lamar curtis purses
Rimente car,rimente car,pimento car
creoz,creoz,creon
ogiy canvas,ogiy canvas,only canvas
capus,capus,campus
winter cap for kids,winter cap for kids,winter cap for kids
Aircel,aircel,circle
airstion,airstion,aeration
adson,adson,arson
Avri,avri,abri
abrose,abrose,arose
abro,abro,afro
cipramo,cipramo,cipro
campus level,campus level,campus level
kurti,kurti,kurt
kurti,kurti,kurt
kurti,kurti,kurt
redtep,redtep,redtop
Bata Nagra,bata nagra,data nara
Bata Nagra,bata nagra,data nara
Cheetah image,cheetah image,cheetah image
magic footwear,magic footwear,magic footwear
causal poi,causal poi,causal poi
Q tom,q tom,q tom
Q time,q time,q time
women kroks asian,women kroks asian,women kooks asian
recon,recon,recon
sega comfort,sega comfort,sega comfort
paragon s,paragon s,paragon s
columbuss,columbuss,columbus
m mobile,m mobile,m mobile
mobile Kitna Mein Aata Hai,mobile kitna mein aata hai,mobile kina mean data had
pabji women,pabji women,rabbi women
restinfoot,restinfoot,restinfoot
Lahar,lahar,lamar
Lehar,lehar,lear
asian raftaar,asian raftaar,asian rafter
asian raftaar,asian raftaar,asian rafter
campus kids,campus kids,campus kids
oskar,oskar,oscar
pu,pu,pu
campusshoes,campusshoes,campusshoes
nonbrand shoo,nonbrand shoo,nonbrand shoo
abros,abros,bros
North campus,north campus,north campus
Blsco,blsco,also
Nica coffee guitar,nica coffee guitar,nice coffee guitar
ladies flip flop,ladies flip flop,ladies flip flop
ladies flip flop,ladies flip flop,ladies flip flop
jacket,jacket,jacket
jacet,jacet,jacket
talga shors kitchen,talga shors kitchen,taiga short kitchen
walkaroo ladies,walkaroo ladies,wallaroo ladies
Abros,abros,bros
5637,5637,5637
jacket,jacket,jacket
loose,loose,loose
show,show,show
jacket,jacket,jacket
ogay,ogay,okay
wood land,wood land,wood land
abrose,abrose,arose
campus footwear,campus footwear,campus footwear
Columbus,columbus,columbus
Ashoka brand,ashoka brand,asoka brand
Ashoka,ashoka,asoka
lexa,lexa,lea
Columbus,columbus,columbus
asian thunder,asian thunder,asian thunder
shoes ledish,shoes ledish,shoes jewish
moti energy,moti energy,moth energy
rok,rok,rock
chealse,chealse,cheese
retro 4,retro 4,retro 4
v prime,v prime,v prime
Columbus,columbus,columbus
tfc,tfc,tic
provouge,provouge,provoke
restinfoot,restinfoot,restinfoot
proton,proton,proton
bruton,bruton,burton
brotom,brotom,broom
broton,broton,proton
BRUTON,bruton,burton
lakhani havai,lakhani havai,lakhani have
airson,airson,arson
acliv,acliv,alive
blasco,blasco,black
new doner,new doner,new done
new doner,new doner,new done
ajanta ssg 4260,ajanta ssg 4260,santa sig 4260
HRX,hrx,hex
hrx,hrx,hex
length of,length of,length of
lensar,lensar,sensor
virgin,virgin,virgin
happenstance,happenstance,happenstance
khadims super,khadims super,khakis super
men imported,men imported,men imported
sab theek,sab theek,sab thee
Yuva Bond,yuva bond,yuma bond
RTP,rtp,rip
skylon,skylon,salon
11 12 Sal ladke ka jacket,11 12 sal ladke ka jacket,11 12 sal lake ka jacket
11 12 Sal ladki ka jacket,11 12 sal ladki ka jacket,11 12 sal laski ka jacket
flip flops boys,flip flops boys,flip flops boys
raynold,raynold,reynold
raynold,raynold,reynold
pamma,pamma,gamma
hytech,hytech,hatch
woodland,woodland,woodland
jumplite,jumplite,tumpline
micron,micron,micron
columbus,columbus,columbus
sky knit,sky knit,sky knit
medifeet,medifeet,medifeet
Thakur footwear,thakur footwear,shaker footwear
Kati footwear,kati footwear,kate footwear
Adda footwear girls,adda footwear girls,add footwear girls
Katty Girls footwear,katty girls footwear,kitty girls footwear
mix colour cotton Valley,mix colour cotton valley,mix color cotton valley
mix colour cotton ladies,mix colour cotton ladies,mix color cotton ladies
mix colour cotton BD,mix colour cotton bd,mix color cotton be
hytech,hytech,hatch
hy tech,hy tech,my teach
hitech,hitech,hitch
hy tech,hy tech,my teach
hytech,hytech,hatch
Boat Channel number on,boat channel number on,boat channel number on
sha,sha,she
Levi's sox,levis sox,levis sox
fischer x tra,fischer x tra,fischer x try
chadhi,chadhi,chad
t shirt 60,t shirt 60,t shirt 60
Chhathi,chhathi,chhathi
vaar footwear,vaar footwear,var footwear
abors,abors,abort
high time,high time,high time
abros,abros,bros
hrx,hrx,hex
bairathi,bairathi,marathi
bairathi,bairathi,marathi
piku,piku,pike
Lieb Ok,lieb ok,lie ok
x liux,x liux,x lux
sparx ss 621,sparx ss 621,spare ss 621
arba,arba,area
WOCCY,woccy,worry
kapde,kapde,made
cot Pant,cot pant,cot pant
Edward,edward,edward
coat pant,coat pant,coat pant
coat pant,coat pant,coat pant
mens snacks,mens snacks,men snacks
mens jens,mens jens,men jews
asian shooes,asian shooes,asian shoes
asian superpower,asian superpower,asian superpower
asian  shooes,asian  shooes,asian shoes
asian superpower shooes,asian superpower shooes,asian superpower shoes
asianshooes,asianshooes,asianshooes
Cross man,cross man,cross man
PamShoes,pamshoes,gumshoes
pent..,pent,pent
sample saree,sample saree,sample saree
ब्लू लाइट एक्सचेंज,  ,
परागों,,
ब्लू लाइट जींस,  ,
cappal wodlen,cappal wodlen,carpal woolen
kickonn,kickonn,kicking
white shirt kids,white shirt kids,white shirt kids
man for jacket,man for jacket,man for jacket
